SubId;"Дата и время";Оффер;Источник;"Флаг страны";Город;ОС;"Тип соединения";"Тип устройства";"Уник. (кампания)";"Sub ID 1";SubId
3d3ckffq0mpc;"2024-09-14 19:51:31";"MostBet [PL] 100$ SWEET BONANZA pwa";app[PwaGroup];PL;Warsaw;Android;"Сотовая связь";"Мобильный телефон";1;SophiaVladimirova_crMOSTBETP_28_08_2024(9)_t4_ybfcore;3d3ckffq0mpc
2366mtlq0mp7;"2024-09-14 19:51:16";"MostBet [PL] 100$ SWEET BONANZA pwa";app[PwaGroup];PL;Warsaw;Android;"Сотовая связь";"Мобильный телефон";1;SophiaVladimirova_crMOSTBETP_28_08_2024(9)_t4_ybfcore;2366mtlq0mp7
2nhr193q0mnv;"2024-09-14 19:49:24";"MostBet [PL] 100$ SWEET BONANZA pwa";app[PwaGroup];PL;Warsaw;Android;"Сотовая связь";"Мобильный телефон";1;SophiaVladimirova_crMOSTBETP_28_08_2024(9)_t4_ybfcore;2nhr193q0mnv
239dua2q0lol;"2024-09-14 19:05:52";"MostBet [PL] 100$ SWEET BONANZA pwa";app[PwaGroup];PL;Sieradz;Android;"Сотовая связь";"Мобильный телефон";1;SophiaVladimirova_crMOSTBETS_13_11_2023(6)_t4_ybfcore;239dua2q0lol
356o681q0l9v;"2024-09-14 18:44:28";"MostBet [PL] 100$ SWEET BONANZA pwa";app[PwaGroup];PL;Chociwel;Android;"Сотовая связь";"Мобильный телефон";1;SophiaVladimirova_crMOSTBETP_28_08_2024(5)_t6_ybfcore;356o681q0l9v
2qn45h1q0l6t;"2024-09-14 18:40:51";"MostBet [PL] 100$ SWEET BONANZA pwa";app[PwaGroup];PL;Warsaw;Android;"Сотовая связь";"Мобильный телефон";1;SophiaVladimirova_crMOSTBETS_13_11_2023(6)_t1_ybfcore;2qn45h1q0l6t
3e01bepq0kf3;"2024-09-14 18:08:03";"MostBet [PL] 100$ SWEET BONANZA pwa";app[PwaGroup];PL;Warsaw;Android;"Сотовая связь";"Мобильный телефон";1;SophiaPotapova_crMOSTBETS_13_11_2023(6)_t1_ybfcore_3;3e01bepq0kf3
tf7sftq0jvv;"2024-09-14 17:48:13";"MostBet [PL] 100$ SWEET BONANZA pwa";app[PwaGroup];PL;Warsaw;Android;"Сотовая связь";"Мобильный телефон";1;SophiaPotapova_crSWEETBONANZA_12_09_2024(15)_t1_oanscene;tf7sftq0jvv
30jus66q0jt0;"2024-09-14 17:44:14";"MostBet [PL] 100$ SWEET BONANZA pwa";app[PwaGroup];NL;Amersfoort;Android;"Сотовая связь";"Мобильный телефон";1;SophiaVladimirova_crMOSTBETS_13_11_2023(6)_t4_ybfcore;30jus66q0jt0
2qn45h1q0io9;"2024-09-14 16:50:41";"MostBet [PL] 100$ SWEET BONANZA pwa";app[PwaGroup];PL;Warsaw;Android;"Сотовая связь";"Мобильный телефон";1;SophiaVladimirova_crMOSTBETS_13_11_2023(6)_t4_ybfcore;2qn45h1q0io9
2gf4fcqq0iiv;"2024-09-14 16:43:15";"MostBet [PL] 100$ SWEET BONANZA pwa";app[PwaGroup];PL;Warsaw;Android;"Сотовая связь";"Мобильный телефон";1;SophiaVladimirova_crMOSTBETS_13_11_2023(6)_t4_ybfcore;2gf4fcqq0iiv
2chq30gq0iep;"2024-09-14 16:38:41";"MostBet [PL] 100$ SWEET BONANZA pwa";app[PwaGroup];PL;Warsaw;Android;"Сотовая связь";"Мобильный телефон";1;SophiaVladimirova_crMOSTBETS_13_11_2023(6)_t4_ybfcore;2chq30gq0iep
33qluh4q0i58;"2024-09-14 16:24:56";"MostBet [PL] 100$ SWEET BONANZA pwa";app[PwaGroup];PL;Warsaw;Android;"Сотовая связь";"Мобильный телефон";1;;33qluh4q0i58
2qn45h1q0hpo;"2024-09-14 16:08:49";"MostBet [PL] 100$ SWEET BONANZA pwa";app[PwaGroup];PL;Warsaw;Android;"Сотовая связь";"Мобильный телефон";1;SophiaPotapova_crMOSTBET_SB_13_09_2024(3)_t3_oanscene_1;2qn45h1q0hpo
10heng1q0hjt;"2024-09-14 16:00:35";"MostBet [PL] 100$ SWEET BONANZA pwa";app[PwaGroup];PL;Katowice;Android;"Сотовая связь";"Мобильный телефон";1;SophiaVladimirova_crMOSTBETPL_05_08_2024(2)_t5_ybfcore;10heng1q0hjt
3enauodq0hjb;"2024-09-14 15:59:57";"MostBet [PL] 100$ SWEET BONANZA pwa";app[PwaGroup];PL;Losice;Android;"Сотовая связь";"Мобильный телефон";1;SophiaPotapova_crSWEETBONANZA_12_09_2024(15)_t1_oanscene;3enauodq0hjb
3r6hdckq0h5j;"2024-09-14 15:40:41";"MostBet [PL] 100$ SWEET BONANZA pwa";app[PwaGroup];PL;"Sepolno Krajenskie";Android;"Сотовая связь";"Мобильный телефон";1;SophiaVladimirova_crMOSTBETP_28_08_2024(9)_t4_ybfcore;3r6hdckq0h5j
3r2tr72q0h4j;"2024-09-14 15:39:05";"MostBet [PL] 100$ SWEET BONANZA pwa";app[PwaGroup];PL;Czeremcha;Android;"Сотовая связь";"Мобильный телефон";1;;3r2tr72q0h4j
mjea2uq0h2u;"2024-09-14 15:36:39";"MostBet [PL] 100$ SWEET BONANZA pwa";app[PwaGroup];PL;Rzeszow;Android;"Сотовая связь";"Мобильный телефон";1;SophiaVladimirova_crMOSTBETS_13_11_2023(6)_t1_ybfcore;mjea2uq0h2u
27jhvibq0gtn;"2024-09-14 15:28:34";"MostBet [PL] 100$ SWEET BONANZA pwa";app[PwaGroup];PL;Lubin;Android;"Сотовая связь";"Мобильный телефон";1;SophiaVladimirova_crMOSTBETS_13_11_2023(6)_t1_ybfcore;27jhvibq0gtn
1ckhqbjq0gpe;"2024-09-14 15:22:13";"MostBet [PL] 100$ SWEET BONANZA pwa";app[PwaGroup];PL;Kotun;Android;"Сотовая связь";"Мобильный телефон";1;SophiaVladimirova_crMOSTBETS_13_11_2023(6)_t4_ybfcore;1ckhqbjq0gpe
222k62eq0gdb;"2024-09-14 15:02:48";"MostBet [PL] 100$ SWEET BONANZA pwa";app[PwaGroup];PL;Garwolin;Android;"Сотовая связь";"Мобильный телефон";1;SophiaVladimirova_crMOSTBETP_28_08_2024(6)_t3_ybfcore;222k62eq0gdb
1v5cacuq0g8c;"2024-09-14 14:56:14";"MostBet [PL] 100$ SWEET BONANZA pwa";app[PwaGroup];PL;Chojna;Android;"Сотовая связь";"Мобильный телефон";1;SophiaPotapova_crMOSTBET_SB_13_09_2024(2)_t2_oanscene_1;1v5cacuq0g8c
2nmoobcq0g41;"2024-09-14 14:48:35";"MostBet [PL] 100$ SWEET BONANZA pwa";app[PwaGroup];PL;Kotun;Android;"Сотовая связь";"Мобильный телефон";1;SophiaVladimirova_crMOSTBETS_13_11_2023(6)_t4_ybfcore;2nmoobcq0g41
bni07qq0fa9;"2024-09-14 14:06:20";"MostBet [PL] 100$ SWEET BONANZA pwa";app[PwaGroup];PL;Katowice;Android;"Сотовая связь";"Мобильный телефон";1;SophiaVladimirova_crMOSTBETPL_05_08_2024(2)_t2_ybfcore;bni07qq0fa9
3gtfc2tq0f05;"2024-09-14 13:54:12";"MostBet [PL] 100$ SWEET BONANZA pwa";app[PwaGroup];PL;Skoczow;Android;"Сотовая связь";"Мобильный телефон";1;SophiaPotapova_crSWEETBONANZA_12_09_2024(15)_t1_oanscene;3gtfc2tq0f05
30qvfmlq0eqq;"2024-09-14 13:46:06";"MostBet [PL] 100$ SWEET BONANZA pwa";app[PwaGroup];PL;Namyslow;Android;"Сотовая связь";"Мобильный телефон";1;SophiaVladimirova_crMOSTBETS_13_11_2023(6)_t1_ybfcore;30qvfmlq0eqq
ks5aftq0dq4;"2024-09-14 12:57:56";"MostBet [PL] 100$ SWEET BONANZA pwa";app[PwaGroup];PL;Warsaw;Android;"Сотовая связь";"Мобильный телефон";1;SophiaPotapova_crSWEETBONANZA_12_09_2024(15)_t1_oanscene;ks5aftq0dq4
2qn45h1q0di8;"2024-09-14 12:47:10";"MostBet [PL] 100$ SWEET BONANZA pwa";app[PwaGroup];PL;Warsaw;Android;"Сотовая связь";"Мобильный телефон";1;SophiaVladimirova_crMOSTBETS_13_11_2023(6)_t4_ybfcore;2qn45h1q0di8
34a1n08q0d1h;"2024-09-14 12:19:42";"MostBet [PL] 100$ SWEET BONANZA pwa";app[PwaGroup];PL;Zbaszyn;Android;"Сотовая связь";"Мобильный телефон";1;SophiaVladimirova_crMOSTBETS_13_11_2023(6)_t1_ybfcore;34a1n08q0d1h
ll8088q0cp0;"2024-09-14 12:03:26";"MostBet [PL] 100$ SWEET BONANZA pwa";app[PwaGroup];PL;Poznan;Android;"Сотовая связь";"Мобильный телефон";1;SophiaVladimirova_crMOSTBETS_13_11_2023(6)_t4_ybfcore;ll8088q0cp0
n1h993q09r4;"2024-09-14 09:23:50";"MostBet [PL] 100$ SWEET BONANZA pwa";app[PwaGroup];PL;Lubin;Android;"Сотовая связь";"Мобильный телефон";1;SophiaVladimirova_crMOSTBETP_28_08_2024(5)_t6_ybfcore;n1h993q09r4
1r9vm5rq0919;"2024-09-14 08:35:12";"MostBet [PL] 100$ SWEET BONANZA pwa";app[PwaGroup];PL;Warsaw;Android;"Сотовая связь";"Мобильный телефон";1;SophiaVladimirova_crMOSTBETP_28_08_2024(9)_t4_ybfcore;1r9vm5rq0919
2i58nldq084a;"2024-09-14 07:47:13";"MostBet [PL] 100$ SWEET BONANZA pwa";app[PwaGroup];PL;Lodz;Android;"Сотовая связь";"Мобильный телефон";1;SophiaVladimirova_crMOSTBETP_28_08_2024(9)_t4_ybfcore;2i58nldq084a
2n588qkq07eb;"2024-09-14 07:04:41";"MostBet [PL] 100$ SWEET BONANZA pwa";app[PwaGroup];PL;Poznan;Android;"Сотовая связь";"Мобильный телефон";1;SophiaVladimirova_crMOSTBETP_28_08_2024(9)_t4_ybfcore;2n588qkq07eb
2nhr193q07co;"2024-09-14 07:02:16";"MostBet [PL] 100$ SWEET BONANZA pwa";app[PwaGroup];PL;Warsaw;Android;"Сотовая связь";"Мобильный телефон";1;SophiaPotapova_crSWEETBONANZA_12_09_2024(15)_t1_oanscene;2nhr193q07co
1mediiiq06is;"2024-09-14 06:10:27";"MostBet [PL] 100$ SWEET BONANZA pwa";app[PwaGroup];PL;Chelm;Android;"Сотовая связь";"Мобильный телефон";1;SophiaVladimirova_crMOSTBETP_28_08_2024(9)_t4_ybfcore;1mediiiq06is
243ih9rq05vb;"2024-09-14 05:33:09";"MostBet [PL] 100$ SWEET BONANZA pwa";app[PwaGroup];PL;Katowice;Android;"Сотовая связь";"Мобильный телефон";1;SophiaVladimirova_crMOSTBETP_28_08_2024(9)_t4_ybfcore;243ih9rq05vb
2qn45h1q05ki;"2024-09-14 05:11:48";"MostBet [PL] 100$ SWEET BONANZA pwa";app[PwaGroup];PL;Warsaw;Android;"Сотовая связь";"Мобильный телефон";1;SophiaPotapova_crSWEETBONANZA_12_09_2024(17)_t6_oanscene;2qn45h1q05ki
f70u1iq0519;"2024-09-14 04:24:45";"MostBet [PL] 100$ SWEET BONANZA pwa";app[PwaGroup];PL;Skarzysko-Kamienna;Android;"Сотовая связь";"Мобильный телефон";1;SophiaVladimirova_crMOSTBETP_28_08_2024(9)_t4_ybfcore;f70u1iq0519
credq8q02m9;"2024-09-14 01:16:21";"MostBet [PL] 100$ SWEET BONANZA pwa";app[PwaGroup];PL;Korczew;Android;"Сотовая связь";"Мобильный телефон";1;SophiaVladimirova_crMOSTBETP_28_08_2024(9)_t4_ybfcore;credq8q02m9
1jqvb98q02lk;"2024-09-14 01:15:42";"MostBet [PL] 100$ SWEET BONANZA pwa";app[PwaGroup];PL;Wroclaw;Android;"Сотовая связь";"Мобильный телефон";1;SophiaVladimirova_crMOSTBETPL_05_08_2024(2)_t2_ybfcore;1jqvb98q02lk
354om85q02jq;"2024-09-14 01:10:43";"MostBet [PL] 100$ SWEET BONANZA pwa";app[PwaGroup];PL;Konin;Android;"Сотовая связь";"Мобильный телефон";1;SophiaVladimirova_crMOSTBETPL_05_08_2024(2)_t2_ybfcore;354om85q02jq
tkqfvpq02ce;"2024-09-14 00:50:50";"MostBet [PL] 100$ SWEET BONANZA pwa";app[PwaGroup];PL;Karnice;Android;"Сотовая связь";"Мобильный телефон";1;SophiaVladimirova_crMOSTBETP_28_08_2024(9)_t4_ybfcore;tkqfvpq02ce
245a3mjq0200;"2024-09-14 00:20:33";"MostBet [PL] 100$ SWEET BONANZA pwa";app[PwaGroup];PL;Krakow;Android;"Сотовая связь";"Мобильный телефон";1;SophiaVladimirova_crMOSTBETP_28_08_2024(9)_t4_ybfcore;245a3mjq0200
3vgtoooq01d6;"2024-09-13 23:39:34";"MostBet [PL] 100$ SWEET BONANZA pwa";app[PwaGroup];PL;Kielce;Android;"Сотовая связь";"Мобильный телефон";1;SophiaPotapova_crSWEETBONANZA_12_09_2024(15)_t1_oanscene;3vgtoooq01d6
16s2k9gq00pf;"2024-09-13 22:54:39";"MostBet [PL] 100$ SWEET BONANZA pwa";app[PwaGroup];DE;"Frankfurt am Main";Android;"Сотовая связь";"Мобильный телефон";1;SophiaPotapova_crSWEETBONANZA_12_09_2024(16)_t2_oanscene_1;16s2k9gq00pf
181v063q00ms;"2024-09-13 22:50:34";"MostBet [PL] 100$ SWEET BONANZA pwa";app[PwaGroup];PL;Kolobrzeg;Android;"Сотовая связь";"Мобильный телефон";1;SophiaVladimirova_crMOSTBETP_28_08_2024(9)_t4_ybfcore;181v063q00ms
2qn45h1q000h;"2024-09-13 22:07:10";"MostBet [PL] 100$ SWEET BONANZA pwa";app[PwaGroup];PL;Warsaw;Android;"Сотовая связь";"Мобильный телефон";1;;2qn45h1q000h
2j8mbuupvvto;"2024-09-13 22:01:15";"MostBet [PL] 100$ SWEET BONANZA pwa";app[PwaGroup];PL;Warsaw;Android;"Сотовая связь";"Мобильный телефон";1;SophiaPotapova_crMOSTBET_SB_13_09_2024(3)_t3_oanscene_1;2j8mbuupvvto
2ctp7gvpvv6q;"2024-09-13 21:23:51";"MostBet [PL] 100$ SWEET BONANZA pwa";app[PwaGroup];PL;Gdansk;Android;"Сотовая связь";"Мобильный телефон";1;SophiaVladimirova_crMOSTBETP_28_08_2024(9)_t4_ybfcore;2ctp7gvpvv6q
10eipe2pvu4m;"2024-09-13 20:45:30";"MostBet [PL] 100$ SWEET BONANZA pwa";app[PwaGroup];PL;Lodz;Android;"Сотовая связь";"Мобильный телефон";1;SophiaPotapova_crSWEETBONANZA_12_09_2024(15)_t1_oanscene;10eipe2pvu4m
3ncl6hdpvtuq;"2024-09-13 20:35:45";"MostBet [PL] 100$ SWEET BONANZA pwa";app[PwaGroup];PL;Konin;Android;"Сотовая связь";"Мобильный телефон";1;SophiaPotapova_crSWEETBONANZA_12_09_2024(15)_t1_oanscene;3ncl6hdpvtuq
263lrbdpvth8;"2024-09-13 20:16:08";"MostBet [PL] 100$ SWEET BONANZA pwa";app[PwaGroup];PL;Konin;Android;"Сотовая связь";"Мобильный телефон";1;SophiaVladimirova_crMOSTBETP_28_08_2024(9)_t4_ybfcore;263lrbdpvth8
2qn45h1pvtda;"2024-09-13 20:11:10";"MostBet [PL] 100$ SWEET BONANZA pwa";app[PwaGroup];PL;Warsaw;Android;"Сотовая связь";"Мобильный телефон";1;SophiaPotapova_crSWEETBONANZA_12_09_2024(15)_t1_oanscene;2qn45h1pvtda
2np26b7pvtb1;"2024-09-13 20:08:31";"MostBet [PL] 100$ SWEET BONANZA pwa";app[PwaGroup];PL;"Stary Zamosc";Android;"Сотовая связь";"Мобильный телефон";1;SophiaVladimirova_crMOSTBETS_13_11_2023(6)_t4_ybfcore;2np26b7pvtb1
331upfrpvtag;"2024-09-13 20:07:49";"MostBet [PL] 100$ SWEET BONANZA pwa";app[PwaGroup];PL;Konin;Android;"Сотовая связь";"Мобильный телефон";1;SophiaPotapova_crSWEETBONANZA_12_09_2024(17)_t3_oanscene_1;331upfrpvtag
d0rv2cpvt8d;"2024-09-13 20:05:12";"MostBet [PL] 100$ SWEET BONANZA pwa";app[PwaGroup];PL;Koszalin;Android;"Сотовая связь";"Мобильный телефон";1;SophiaPotapova_crMOSTBET_SB_13_09_2024(3)_t3_oanscene_1;d0rv2cpvt8d
2anb8iipvt5r;"2024-09-13 20:01:11";"MostBet [PL] 100$ SWEET BONANZA pwa";app[PwaGroup];PL;Olsztyn;Android;"Сотовая связь";"Мобильный телефон";1;SophiaPotapova_crMOSTBET_SB_13_09_2024(3)_t3_oanscene_1;2anb8iipvt5r
18o157ppvsdr;"2024-09-13 19:26:46";"MostBet [PL] 100$ SWEET BONANZA pwa";app[PwaGroup];PL;Wejherowo;Android;"Сотовая связь";"Мобильный телефон";1;SophiaPotapova_crMOSTBET_SB_13_09_2024(3)_t3_oanscene_1;18o157ppvsdr
2nhr193pvr6a;"2024-09-13 18:31:34";"MostBet [PL] 100$ SWEET BONANZA pwa";app[PwaGroup];PL;Warsaw;Android;"Сотовая связь";"Мобильный телефон";1;SophiaVladimirova_crMOSTBETP_28_08_2024(9)_t4_ybfcore;2nhr193pvr6a
2qn45h1pvqrk;"2024-09-13 18:18:47";"MostBet [PL] 100$ SWEET BONANZA pwa";app[PwaGroup];PL;Warsaw;Android;"Сотовая связь";"Мобильный телефон";1;SophiaPotapova_crSWEETBONANZA_12_09_2024(15)_t1_oanscene;2qn45h1pvqrk
1tvchlkpvqa8;"2024-09-13 17:56:26";"MostBet [PL] 100$ SWEET BONANZA pwa";app[PwaGroup];PL;Rewal;Android;"Сотовая связь";"Мобильный телефон";1;;1tvchlkpvqa8
13m25uipvpkr;"2024-09-13 17:30:13";"MostBet [PL] 100$ SWEET BONANZA pwa";app[PwaGroup];PL;Warsaw;Android;"Сотовая связь";"Мобильный телефон";1;SophiaPotapova_crSWEETBONANZA_12_09_2024(17)_t3_oanscene;13m25uipvpkr
3n6q7hkpvocp;"2024-09-13 16:38:00";"MostBet [PL] 100$ SWEET BONANZA pwa";app[PwaGroup];PL;"Tomaszow Lubelski";Android;"Сотовая связь";"Мобильный телефон";1;SophiaVladimirova_crMOSTBETS_13_11_2023(6)_t4_ybfcore;3n6q7hkpvocp
29ilf60pvo90;"2024-09-13 16:32:58";"MostBet [PL] 100$ SWEET BONANZA pwa";app[PwaGroup];PL;Poznan;Android;"Сотовая связь";"Мобильный телефон";1;SophiaPotapova_crMOSTBETP_28_08_2024(10)_t5_ybfcore_1;29ilf60pvo90
3d4oabipvnvs;"2024-09-13 16:19:32";"MostBet [PL] 100$ SWEET BONANZA pwa";app[PwaGroup];PL;Bydgoszcz;Android;"Сотовая связь";"Мобильный телефон";1;SophiaPotapova_crMOSTBET_SB_13_09_2024(3)_t3_oanscene_1;3d4oabipvnvs
3qfml0cpvnt6;"2024-09-13 16:15:19";"MostBet [PL] 100$ SWEET BONANZA pwa";app[PwaGroup];PL;Wilkowice;Android;"Сотовая связь";"Мобильный телефон";1;SophiaPotapova_crMOSTBET_SB_13_09_2024(3)_t3_oanscene_1;3qfml0cpvnt6
1f87l5jpvnt0;"2024-09-13 16:15:01";"MostBet [PL] 100$ SWEET BONANZA pwa";app[PwaGroup];PL;Klecko;Android;"Сотовая связь";"Мобильный телефон";1;SophiaPotapova_crMOSTBETS_13_11_2023(6)_t4_ybfcore_1;1f87l5jpvnt0
2qn45h1pvnqb;"2024-09-13 16:11:44";"MostBet [PL] 100$ SWEET BONANZA pwa";app[PwaGroup];PL;Warsaw;Android;"Сотовая связь";"Мобильный телефон";1;SophiaPotapova_crMOSTBETS_13_11_2023(6)_t1_ybfcore_3;2qn45h1pvnqb
3niadf7pvnnt;"2024-09-13 16:07:35";"MostBet [PL] 100$ SWEET BONANZA pwa";app[PwaGroup];PL;Lodz;Android;"Сотовая связь";"Мобильный телефон";1;SophiaPotapova_crMOSTBETP_28_08_2024(5)_t6_ybfcore_1;3niadf7pvnnt
2qn45h1pvn8e;"2024-09-13 15:40:33";"MostBet [PL] 100$ SWEET BONANZA pwa";app[PwaGroup];PL;Warsaw;Android;"Сотовая связь";"Мобильный телефон";1;SophiaVladimirova_crMOSTBETP_28_08_2024(9)_t4_ybfcore;2qn45h1pvn8e
2ivc6ompvn4e;"2024-09-13 15:32:37";"MostBet [PL] 100$ SWEET BONANZA pwa";app[PwaGroup];PL;Warsaw;Android;"Сотовая связь";"Мобильный телефон";1;SophiaPotapova_crSWEETBONANZA_12_09_2024(15)_t1_oanscene;2ivc6ompvn4e
2dvqdlpvlvo;"2024-09-13 14:32:04";"MostBet [PL] 100$ SWEET BONANZA pwa";app[PwaGroup];PL;Wroclaw;Android;"Сотовая связь";"Мобильный телефон";1;SophiaPotapova_crSWEETBONANZA_12_09_2024(17)_t6_oanscene;2dvqdlpvlvo
drdgdlpvjup;"2024-09-13 12:35:35";"MostBet [PL] 100$ SWEET BONANZA pwa";app[PwaGroup];PL;Koszalin;Android;"Сотовая связь";"Мобильный телефон";1;SophiaPotapova_crSWEETBONANZA_12_09_2024(15)_t1_oanscene;drdgdlpvjup
36vf8u5pvjn3;"2024-09-13 12:25:14";"MostBet [PL] 100$ SWEET BONANZA pwa";app[PwaGroup];PL;Warsaw;Android;"Сотовая связь";"Мобильный телефон";1;SophiaVladimirova_crMOSTBETP_28_08_2024(9)_t4_ybfcore;36vf8u5pvjn3
2dj6714pvjkk;"2024-09-13 12:20:28";"MostBet [PL] 100$ SWEET BONANZA pwa";app[PwaGroup];PL;Lodz;Android;"Сотовая связь";"Мобильный телефон";1;SophiaPotapova_crSWEETBONANZA_12_09_2024(15)_t1_oanscene;2dj6714pvjkk
2ip06epvjjm;"2024-09-13 12:18:29";"MostBet [PL] 100$ SWEET BONANZA pwa";app[PwaGroup];PL;Szczecin;Android;"Сотовая связь";"Мобильный телефон";1;SophiaPotapova_crMOSTBET_SB_13_09_2024(3)_t3_oanscene_1;2ip06epvjjm
2qn45h1pvird;"2024-09-13 11:40:37";"MostBet [PL] 100$ SWEET BONANZA pwa";app[PwaGroup];PL;Warsaw;Android;"Сотовая связь";"Мобильный телефон";1;SophiaVladimirova_crMOSTBETP_28_08_2024(9)_t4_ybfcore;2qn45h1pvird
3tceo6pvhee;"2024-09-13 10:32:29";"MostBet [PL] 100$ SWEET BONANZA pwa";app[PwaGroup];PL;"Jaworzyna Slaska";Android;"Сотовая связь";"Мобильный телефон";1;SophiaPotapova_crMOSTBETP_28_08_2024(5)_t6_ybfcore_1;3tceo6pvhee
2qn45h1pvhc2;"2024-09-13 10:28:47";"MostBet [PL] 100$ SWEET BONANZA pwa";app[PwaGroup];PL;Warsaw;Android;"Сотовая связь";"Мобильный телефон";1;SophiaVladimirova_crMOSTBETP_28_08_2024(9)_t4_ybfcore;2qn45h1pvhc2
3mbfur6pvhbv;"2024-09-13 10:28:26";"MostBet [PL] 100$ SWEET BONANZA pwa";app[PwaGroup];PL;Warsaw;Android;"Сотовая связь";"Мобильный телефон";1;SophiaPotapova_crMOSTBET_SB_13_09_2024(2)_t2_oanscene_1;3mbfur6pvhbv
3i2fu6gpvh2j;"2024-09-13 10:15:42";"MostBet [PL] 100$ SWEET BONANZA pwa";app[PwaGroup];PL;Barwice;Android;"Сотовая связь";"Мобильный телефон";1;SophiaPotapova_crSWEETBONANZA_12_09_2024(15)_t1_oanscene;3i2fu6gpvh2j
356g7ttpvgmg;"2024-09-13 09:56:27";"MostBet [PL] 100$ SWEET BONANZA pwa";app[PwaGroup];PL;Warsaw;Android;"Сотовая связь";"Мобильный телефон";1;SophiaPotapova_crSWEETBONANZA_12_09_2024(17)_t3_oanscene_1;356g7ttpvgmg
15vglsspvgk2;"2024-09-13 09:51:59";"MostBet [PL] 100$ SWEET BONANZA pwa";app[PwaGroup];PL;Warsaw;Android;"Сотовая связь";"Мобильный телефон";1;SophiaPotapova_crSWEETBONANZA_12_09_2024(17)_t3_oanscene;15vglsspvgk2
2qn45h1pvgjp;"2024-09-13 09:51:17";"MostBet [PL] 100$ SWEET BONANZA pwa";app[PwaGroup];PL;Warsaw;Android;"Сотовая связь";"Мобильный телефон";1;SophiaVladimirova_crMOSTBETS_13_11_2023(6)_t4_ybfcore;2qn45h1pvgjp
3jmhu3opvgjh;"2024-09-13 09:50:37";"MostBet [PL] 100$ SWEET BONANZA pwa";app[PwaGroup];PL;Warsaw;Android;"Сотовая связь";"Мобильный телефон";1;SophiaPotapova_crMOSTBET_SB_13_09_2024(3)_t3_oanscene_1;3jmhu3opvgjh
1i7rpmopvfsf;"2024-09-13 09:11:26";"MostBet [PL] 100$ SWEET BONANZA pwa";app[PwaGroup];PL;"Zdunska Wola";Android;"Сотовая связь";"Мобильный телефон";1;SophiaVladimirova_crMOSTBETP_28_08_2024(4)_t6_ybfcore;1i7rpmopvfsf
3eesia4pvfr9;"2024-09-13 09:09:58";"MostBet [PL] 100$ SWEET BONANZA pwa";app[PwaGroup];PL;Krakow;Android;"Сотовая связь";"Мобильный телефон";1;SophiaPotapova_crMOSTBETP_28_08_2024(5)_t6_ybfcore_1;3eesia4pvfr9
2f2p7ufpvfbd;"2024-09-13 08:42:59";"MostBet [PL] 100$ SWEET BONANZA pwa";app[PwaGroup];PL;Warsaw;Android;"Сотовая связь";"Мобильный телефон";1;SophiaVladimirova_crMOSTBETP_28_08_2024(5)_t6_ybfcore;2f2p7ufpvfbd
32sj54mpvf3j;"2024-09-13 08:24:16";"MostBet [PL] 100$ SWEET BONANZA pwa";app[PwaGroup];PL;Katowice;Android;"Сотовая связь";"Мобильный телефон";1;SophiaVladimirova_crMOSTBETP_28_08_2024(9)_t4_ybfcore;32sj54mpvf3j
12p7tdhpvf1c;"2024-09-13 08:20:17";"MostBet [PL] 100$ SWEET BONANZA pwa";app[PwaGroup];PL;Krakow;Android;"Сотовая связь";"Мобильный телефон";1;SophiaPotapova_crSWEETBONANZA_12_09_2024(15)_t1_oanscene;12p7tdhpvf1c
3ihtcdkpvenj;"2024-09-13 08:01:31";"MostBet [PL] 100$ SWEET BONANZA pwa";app[PwaGroup];PL;Warsaw;Android;"Сотовая связь";"Мобильный телефон";1;SophiaPotapova_crSWEETBONANZA_12_09_2024(17)_t3_oanscene_1;3ihtcdkpvenj
2jmfg6pveak;"2024-09-13 07:36:04";"MostBet [PL] 100$ SWEET BONANZA pwa";app[PwaGroup];PL;Leszno;Android;"Сотовая связь";"Мобильный телефон";1;SophiaVladimirova_crMOSTBETPL_05_08_2024(2)_t2_ybfcore;2jmfg6pveak
1mqp0grpvdfm;"2024-09-13 06:34:45";"MostBet [PL] 100$ SWEET BONANZA pwa";app[PwaGroup];PL;Krakow;Android;"Сотовая связь";"Мобильный телефон";1;SophiaVladimirova_crMOSTBETPL_05_08_2024(2)_t2_ybfcore;1mqp0grpvdfm
3gjtp34pvdcu;"2024-09-13 06:27:26";"MostBet [PL] 100$ SWEET BONANZA pwa";app[PwaGroup];PL;Warsaw;Android;"Сотовая связь";"Мобильный телефон";1;SophiaVladimirova_crMOSTBETPL_05_08_2024(2)_t2_ybfcore;3gjtp34pvdcu
24tiibjpvd98;"2024-09-13 06:18:32";"MostBet [PL] 100$ SWEET BONANZA pwa";app[PwaGroup];PL;Warsaw;Android;"Сотовая связь";"Мобильный телефон";1;SophiaPotapova_crMOSTBETS_13_11_2023(6)_t1_ybfcore_3;24tiibjpvd98
mjea2upvcln;"2024-09-13 05:28:36";"MostBet [PL] 100$ SWEET BONANZA pwa";app[PwaGroup];PL;Rzeszow;Android;"Сотовая связь";"Мобильный телефон";1;SophiaVladimirova_crMOSTBETS_13_11_2023(6)_t1_ybfcore;mjea2upvcln
3ei1de5pvc4g;"2024-09-13 04:38:06";"MostBet [PL] 100$ SWEET BONANZA pwa";app[PwaGroup];PL;Opole;Android;"Сотовая связь";"Мобильный телефон";1;SophiaVladimirova_crMOSTBETP_28_08_2024(9)_t4_ybfcore;3ei1de5pvc4g
1bl6mrtpvbs3;"2024-09-13 04:10:38";"MostBet [PL] 100$ SWEET BONANZA pwa";app[PwaGroup];PL;"Ostrowiec Swietokrzyski";Android;"Сотовая связь";"Мобильный телефон";1;SophiaPotapova_crSWEETBONANZA_12_09_2024(17)_t3_oanscene_1;1bl6mrtpvbs3
2akmi8fpvbbi;"2024-09-13 03:16:32";"MostBet [PL] 100$ SWEET BONANZA pwa";app[PwaGroup];PL;Warsaw;Android;"Сотовая связь";"Мобильный телефон";1;SophiaPotapova_crSWEETBONANZA_12_09_2024(15)_t1_oanscene;2akmi8fpvbbi
1pt5n7spvb7n;"2024-09-13 03:01:09";"MostBet [PL] 100$ SWEET BONANZA pwa";app[PwaGroup];PL;"Nowy Tomysl";Android;"Сотовая связь";"Мобильный телефон";1;SophiaVladimirova_crMOSTBETP_28_08_2024(9)_t4_ybfcore;1pt5n7spvb7n
3lgu0drpvb4g;"2024-09-13 02:53:51";"MostBet [PL] 100$ SWEET BONANZA pwa";app[PwaGroup];PL;"Nowy Tomysl";Android;"Сотовая связь";"Мобильный телефон";1;SophiaVladimirova_crMOSTBETP_28_08_2024(9)_t4_ybfcore;3lgu0drpvb4g
1el8idapvaui;"2024-09-13 02:33:41";"MostBet [PL] 100$ SWEET BONANZA pwa";app[PwaGroup];PL;Olza;Android;"Сотовая связь";"Мобильный телефон";1;SophiaVladimirova_crMOSTBETP_28_08_2024(9)_t4_ybfcore;1el8idapvaui
2qe7i0fpvab4;"2024-09-13 01:26:52";"MostBet [PL] 100$ SWEET BONANZA pwa";app[PwaGroup];PL;Zbaszyn;Android;"Сотовая связь";"Мобильный телефон";1;SophiaPotapova_crSWEETBONANZA_12_09_2024(17)_t3_oanscene_1;2qe7i0fpvab4
2qn45h1pv8am;"2024-09-12 22:39:36";"MostBet [PL] 100$ SWEET BONANZA pwa";app[PwaGroup];PL;Warsaw;Android;"Сотовая связь";"Мобильный телефон";1;SophiaVladimirova_crMOSTBETS_13_11_2023(6)_t4_ybfcore;2qn45h1pv8am
2qn45h1pv84n;"2024-09-12 22:27:27";"MostBet [PL] 100$ SWEET BONANZA pwa";app[PwaGroup];PL;Warsaw;Android;"Сотовая связь";"Мобильный телефон";1;SophiaVladimirova_crMOSTBETP_28_08_2024(9)_t4_ybfcore;2qn45h1pv84n
1it3b5jpv83o;"2024-09-12 22:24:48";"MostBet [PL] 100$ SWEET BONANZA pwa";app[PwaGroup];PL;Ryki;Android;"Сотовая связь";"Мобильный телефон";1;SophiaVladimirova_crMOSTBETP_28_08_2024(9)_t4_ybfcore;1it3b5jpv83o
kveq20pv817;"2024-09-12 22:19:40";"MostBet [PL] 100$ SWEET BONANZA pwa";app[PwaGroup];PL;Kolobrzeg;Android;"Сотовая связь";"Мобильный телефон";1;SophiaPotapova_crSWEETBONANZA_12_09_2024(15)_t1_oanscene;kveq20pv817
gnb66kpv7pj;"2024-09-12 22:03:54";"MostBet [PL] 100$ SWEET BONANZA pwa";app[PwaGroup];PL;Warsaw;Android;"Сотовая связь";"Мобильный телефон";1;SophiaVladimirova_crMOSTBETS_13_11_2023(6)_t1_ybfcore;gnb66kpv7pj
30l53hupv7jo;"2024-09-12 21:54:04";"MostBet [PL] 100$ SWEET BONANZA pwa";app[PwaGroup];PL;Katowice;Android;"Сотовая связь";"Мобильный телефон";1;SophiaVladimirova_crMOSTBETPL_05_08_2024(2)_t2_ybfcore;30l53hupv7jo
312cvo6pv7hh;"2024-09-12 21:50:12";"MostBet [PL] 100$ SWEET BONANZA pwa";app[PwaGroup];PL;Koszalin;Android;"Сотовая связь";"Мобильный телефон";1;;312cvo6pv7hh
2qn45h1pv6vi;"2024-09-12 21:21:03";"MostBet [PL] 100$ SWEET BONANZA pwa";app[PwaGroup];PL;Warsaw;Android;"Сотовая связь";"Мобильный телефон";1;SophiaVladimirova_crMOSTBETP_28_08_2024(9)_t4_ybfcore;2qn45h1pv6vi
g9l9qfpv6qp;"2024-09-12 21:11:27";"MostBet [PL] 100$ SWEET BONANZA pwa";app[PwaGroup];PL;Warsaw;Android;"Сотовая связь";"Мобильный телефон";1;SophiaPotapova_crMOSTBETP_28_08_2024(5)_t6_ybfcore_1;g9l9qfpv6qp
2qn45h1pv6mh;"2024-09-12 21:02:31";"MostBet [PL] 100$ SWEET BONANZA pwa";app[PwaGroup];PL;Warsaw;Android;"Сотовая связь";"Мобильный телефон";1;SophiaVladimirova_crMOSTBETP_28_08_2024(9)_t4_ybfcore;2qn45h1pv6mh
63hvcupv69p;"2024-09-12 20:39:07";"MostBet [PL] 100$ SWEET BONANZA pwa";app[PwaGroup];NL;Bodegraven;Android;"Сотовая связь";"Мобильный телефон";1;SophiaVladimirova_crMOSTBETPL_05_08_2024(2)_t2_ybfcore;63hvcupv69p
198gs8cpv5dr;"2024-09-12 19:59:00";"MostBet [PL] 100$ SWEET BONANZA pwa";app[PwaGroup];PL;Gdansk;Android;"Сотовая связь";"Мобильный телефон";1;SophiaVladimirova_crMOSTBETP_28_08_2024(9)_t4_ybfcore;198gs8cpv5dr
r5h2cfpv57c;"2024-09-12 19:49:39";"MostBet [PL] 100$ SWEET BONANZA pwa";app[PwaGroup];PL;Warsaw;Android;"Сотовая связь";"Мобильный телефон";1;SophiaVladimirova_crMOSTBETP_28_08_2024(9)_t4_ybfcore;r5h2cfpv57c
2c72vthpv4pa;"2024-09-12 19:35:01";"MostBet [PL] 100$ SWEET BONANZA pwa";app[PwaGroup];PL;Klobuck;Android;"Сотовая связь";"Мобильный телефон";1;SophiaVladimirova_crMOSTBETP_28_08_2024(9)_t4_ybfcore;2c72vthpv4pa
17ct0ikpv2pv;"2024-09-12 18:15:16";"MostBet [PL] 100$ SWEET BONANZA pwa";app[PwaGroup];DE;Gorma;Android;"Сотовая связь";"Мобильный телефон";1;SophiaVladimirova_crMOSTBETS_13_11_2023(6)_t1_ybfcore;17ct0ikpv2pv
25ma0lqpv2j4;"2024-09-12 18:05:53";"MostBet [PL] 100$ SWEET BONANZA pwa";app[PwaGroup];PL;Poznan;Android;"Сотовая связь";"Мобильный телефон";1;SophiaVladimirova_crMOSTBETPL_05_08_2024(2)_t2_ybfcore;25ma0lqpv2j4
3duk96tpv2fc;"2024-09-12 18:01:07";"MostBet [PL] 100$ SWEET BONANZA pwa";app[PwaGroup];PL;Katowice;Android;"Сотовая связь";"Мобильный телефон";1;;3duk96tpv2fc
1cb4i8mpv0a4;"2024-09-12 16:33:06";"MostBet [PL] 100$ SWEET BONANZA pwa";app[PwaGroup];PL;Frampol;Android;"Сотовая связь";"Мобильный телефон";1;SophiaPotapova_crMOSTBETP_28_08_2024(9)_t4_ybfcore_1;1cb4i8mpv0a4
2nim5rmpuvcq;"2024-09-12 15:47:25";"MostBet [PL] 100$ SWEET BONANZA pwa";app[PwaGroup];PL;Opole;Android;"Сотовая связь";"Мобильный телефон";1;SophiaVladimirova_crMOSTBETS_13_11_2023(6)_t4_ybfcore;2nim5rmpuvcq
2qn45h1puuql;"2024-09-12 15:18:20";"MostBet [PL] 100$ SWEET BONANZA pwa";app[PwaGroup];PL;Warsaw;Android;"Сотовая связь";"Мобильный телефон";1;SophiaPotapova_crMOSTBETS_13_11_2023(6)_t1_ybfcore_3;2qn45h1puuql
2nhr193puu7q;"2024-09-12 14:47:11";"MostBet [PL] 100$ SWEET BONANZA pwa";app[PwaGroup];PL;Warsaw;Android;"Сотовая связь";"Мобильный телефон";1;SophiaPotapova_crMOSTBETP_28_08_2024(9)_t4_ybfcore_1;2nhr193puu7q
32md5lcpuu34;"2024-09-12 14:37:12";"MostBet [PL] 100$ SWEET BONANZA pwa";app[PwaGroup];PL;Sanok;Android;"Сотовая связь";"Мобильный телефон";1;SophiaVladimirova_crMOSTBETPL_05_08_2024(2)_t2_ybfcore;32md5lcpuu34
3dil3j5putvh;"2024-09-12 14:30:17";"MostBet [PL] 100$ SWEET BONANZA pwa";app[PwaGroup];PL;Warsaw;Android;"Сотовая связь";"Мобильный телефон";1;SophiaPotapova_crSWEETBONANZA_12_09_2024(17)_t3_oanscene_1;3dil3j5putvh
2lj3hm5putg6;"2024-09-12 14:03:42";"MostBet [PL] 100$ SWEET BONANZA pwa";app[PwaGroup];PL;Gniezno;Android;"Сотовая связь";"Мобильный телефон";1;SophiaPotapova_crSWEETBONANZA_12_09_2024(16)_t5_oanscene_1;2lj3hm5putg6
3cb8rd6pusdh;"2024-09-12 13:09:53";"MostBet [PL] 100$ SWEET BONANZA pwa";app[PwaGroup];PL;Elblag;Android;"Сотовая связь";"Мобильный телефон";1;SophiaVladimirova_crMOSTBETP_28_08_2024(5)_t6_ybfcore;3cb8rd6pusdh
17kbmvipus4o;"2024-09-12 12:55:34";"MostBet [PL] 100$ SWEET BONANZA pwa";app[PwaGroup];PL;"Zielona Gora";Android;"Сотовая связь";"Мобильный телефон";1;SophiaVladimirova_crMOSTBETPL_05_08_2024(2)_t2_ybfcore;17kbmvipus4o
34an8pkpuri8;"2024-09-12 12:27:50";"MostBet [PL] 100$ SWEET BONANZA pwa";app[PwaGroup];PL;"Nowy Tomysl";Android;"Сотовая связь";"Мобильный телефон";1;SophiaVladimirova_crMOSTBETP_28_08_2024(9)_t4_ybfcore;34an8pkpuri8
2cd2p9cpur7g;"2024-09-12 12:12:38";"MostBet [PL] 100$ SWEET BONANZA pwa";app[PwaGroup];PL;Lodz;Android;"Сотовая связь";"Мобильный телефон";1;SophiaVladimirova_crMOSTBETP_28_08_2024(9)_t4_ybfcore;2cd2p9cpur7g
1d1olrapur3g;"2024-09-12 12:06:55";"MostBet [PL] 100$ SWEET BONANZA pwa";app[PwaGroup];PL;"Sieniawa Zarska";Android;"Сотовая связь";"Мобильный телефон";1;SophiaPotapova_crSWEETBONANZA_12_09_2024(15)_t1_oanscene;1d1olrapur3g
1mi6mchpuqqn;"2024-09-12 11:52:38";"MostBet [PL] 100$ SWEET BONANZA pwa";app[PwaGroup];PL;Warsaw;Android;"Сотовая связь";"Мобильный телефон";1;SophiaVladimirova_crMOSTBETP_28_08_2024(9)_t4_ybfcore;1mi6mchpuqqn
2eicivspupis;"2024-09-12 10:51:06";"MostBet [PL] 100$ SWEET BONANZA pwa";app[PwaGroup];PL;Warsaw;Android;"Сотовая связь";"Мобильный телефон";1;SophiaVladimirova_crMOSTBETS_13_11_2023(6)_t4_ybfcore;2eicivspupis
1kvv25gpupga;"2024-09-12 10:47:36";"MostBet [PL] 100$ SWEET BONANZA pwa";app[PwaGroup];PL;Warsaw;Android;"Сотовая связь";"Мобильный телефон";1;SophiaPotapova_crSWEETBONANZA_12_09_2024(15)_t1_oanscene;1kvv25gpupga
2kmii1gpuol8;"2024-09-12 10:01:21";"MostBet [PL] 100$ SWEET BONANZA pwa";app[PwaGroup];PL;Chociwel;Android;"Сотовая связь";"Мобильный телефон";1;SophiaVladimirova_crMOSTBETS_13_11_2023(6)_t4_ybfcore;2kmii1gpuol8
ra0ph1punps;"2024-09-12 09:20:04";"MostBet [PL] 100$ SWEET BONANZA pwa";app[PwaGroup];PL;"Nowy Tomysl";Android;"Сотовая связь";"Мобильный телефон";1;SophiaVladimirova_crMOSTBETP_28_08_2024(9)_t4_ybfcore;ra0ph1punps
cqm568punim;"2024-09-12 09:09:54";"MostBet [PL] 100$ SWEET BONANZA pwa";app[PwaGroup];PL;Rewal;Android;"Сотовая связь";"Мобильный телефон";1;;cqm568punim
2qn45h1puneb;"2024-09-12 09:03:51";"MostBet [PL] 100$ SWEET BONANZA pwa";app[PwaGroup];PL;Warsaw;Android;"Сотовая связь";"Мобильный телефон";1;SophiaVladimirova_crMOSTBETS_13_11_2023(6)_t4_ybfcore;2qn45h1puneb
2qn45h1pun81;"2024-09-12 08:52:05";"MostBet [PL] 100$ SWEET BONANZA pwa";app[PwaGroup];PL;Warsaw;Android;"Сотовая связь";"Мобильный телефон";1;SophiaPotapova_crSWEETBONANZA_12_09_2024(17)_t6_oanscene;2qn45h1pun81
28hsmdipumo4;"2024-09-12 08:27:41";"MostBet [PL] 100$ SWEET BONANZA pwa";app[PwaGroup];PL;Warsaw;Android;"Сотовая связь";"Мобильный телефон";1;SophiaVladimirova_crMOSTBETS_13_11_2023(6)_t4_ybfcore;28hsmdipumo4
3jl8g2apumme;"2024-09-12 08:24:45";"MostBet [PL] 100$ SWEET BONANZA pwa";app[PwaGroup];PL;"Kamien Pomorski";Android;"Сотовая связь";"Мобильный телефон";1;SophiaVladimirova_crMOSTBETP_28_08_2024(9)_t4_ybfcore;3jl8g2apumme
2c944lupumje;"2024-09-12 08:20:07";"MostBet [PL] 100$ SWEET BONANZA pwa";app[PwaGroup];PL;Lagow;Android;"Сотовая связь";"Мобильный телефон";1;SophiaVladimirova_crMOSTBETPL_05_08_2024(2)_t2_ybfcore;2c944lupumje
7b2v46pum88;"2024-09-12 07:59:51";"MostBet [PL] 100$ SWEET BONANZA pwa";app[PwaGroup];PL;Lublin;Android;"Сотовая связь";"Мобильный телефон";1;SophiaPotapova_crMOSTBETP_28_08_2024(5)_t6_ybfcore_1;7b2v46pum88
16m9ikspum5t;"2024-09-12 07:55:32";"MostBet [PL] 100$ SWEET BONANZA pwa";app[PwaGroup];PL;Warsaw;Android;"Сотовая связь";"Мобильный телефон";1;SophiaVladimirova_crMOSTBETP_28_08_2024(9)_t4_ybfcore;16m9ikspum5t
14mg5c3pum0j;"2024-09-12 07:44:27";"MostBet [PL] 100$ SWEET BONANZA pwa";app[PwaGroup];PL;Warsaw;Android;"Сотовая связь";"Мобильный телефон";1;SophiaVladimirova_crMOSTBETS_13_11_2023(6)_t4_ybfcore;14mg5c3pum0j
2r4u78dpulsh;"2024-09-12 07:37:47";"MostBet [PL] 100$ SWEET BONANZA pwa";app[PwaGroup];PL;Lubanie;Android;"Сотовая связь";"Мобильный телефон";1;SophiaPotapova_crMOSTBETS_13_11_2023(6)_t4_ybfcore_1;2r4u78dpulsh
oq4aspulk7;"2024-09-12 07:19:59";"MostBet [PL] 100$ SWEET BONANZA pwa";app[PwaGroup];PL;Lodz;Android;"Сотовая связь";"Мобильный телефон";1;SophiaPotapova_crSWEETBONANZA_12_09_2024(17)_t3_oanscene;oq4aspulk7
3hat944pukvk;"2024-09-12 06:35:18";"MostBet [PL] 100$ SWEET BONANZA pwa";app[PwaGroup];PL;Rzeszow;Android;"Сотовая связь";"Мобильный телефон";1;SophiaPotapova_crMOSTBETP_28_08_2024(9)_t4_ybfcore_1;3hat944pukvk
n8krskpukug;"2024-09-12 06:33:06";"MostBet [PL] 100$ SWEET BONANZA pwa";app[PwaGroup];PL;"Zielona Gora";Android;"Сотовая связь";"Мобильный телефон";1;SophiaVladimirova_crMOSTBETS_13_11_2023(6)_t4_ybfcore;n8krskpukug
3majp8spuknd;"2024-09-12 06:18:08";"MostBet [PL] 100$ SWEET BONANZA pwa";app[PwaGroup];PL;Warsaw;Android;"Сотовая связь";"Мобильный телефон";1;SophiaVladimirova_crMOSTBETP_28_08_2024(9)_t4_ybfcore;3majp8spuknd
30rtdmtpukm2;"2024-09-12 06:16:10";"MostBet [PL] 100$ SWEET BONANZA pwa";app[PwaGroup];PL;Warsaw;Android;"Сотовая связь";"Мобильный телефон";1;SophiaPotapova_crSWEETBONANZA_12_09_2024(17)_t3_oanscene;30rtdmtpukm2
cua5n9puke3;"2024-09-12 06:01:41";"MostBet [PL] 100$ SWEET BONANZA pwa";app[PwaGroup];PL;Trzebinia;Android;"Сотовая связь";"Мобильный телефон";1;SophiaVladimirova_crMOSTBETS_13_11_2023(6)_t4_ybfcore;cua5n9puke3
qcqiigpujnc;"2024-09-12 05:17:23";"MostBet [PL] 100$ SWEET BONANZA pwa";app[PwaGroup];PL;Poznan;Android;"Сотовая связь";"Мобильный телефон";1;SophiaVladimirova_crMOSTBETPL_05_08_2024(2)_t2_ybfcore;qcqiigpujnc
jdvbhbpuiup;"2024-09-12 04:15:08";"MostBet [PL] 100$ SWEET BONANZA pwa";app[PwaGroup];PL;Zychlin;Android;"Сотовая связь";"Мобильный телефон";1;SophiaVladimirova_crMOSTBETP_28_08_2024(9)_t4_ybfcore;jdvbhbpuiup
2htqk6ipuipj;"2024-09-12 03:58:39";"MostBet [PL] 100$ SWEET BONANZA pwa";app[PwaGroup];PL;Skierniewice;Android;"Сотовая связь";"Мобильный телефон";1;SophiaVladimirova_crMOSTBETPL_05_08_2024(2)_t2_ybfcore;2htqk6ipuipj
24tiibjpuim9;"2024-09-12 03:49:43";"MostBet [PL] 100$ SWEET BONANZA pwa";app[PwaGroup];PL;Warsaw;Android;"Сотовая связь";"Мобильный телефон";1;SophiaPotapova_crMOSTBETS_13_11_2023(6)_t1_ybfcore_3;24tiibjpuim9
j198alpuijp;"2024-09-12 03:42:13";"MostBet [PL] 100$ SWEET BONANZA pwa";app[PwaGroup];PL;Warsaw;Android;"Сотовая связь";"Мобильный телефон";1;SophiaPotapova_crMOSTBETP_28_08_2024(9)_t4_ybfcore_1;j198alpuijp
h55bsapuii9;"2024-09-12 03:38:49";"MostBet [PL] 100$ SWEET BONANZA pwa";app[PwaGroup];DE;Hamburg;Android;"Сотовая связь";"Мобильный телефон";1;SophiaVladimirova_crMOSTBETPL_05_08_2024(2)_t2_ybfcore;h55bsapuii9
tkqfvppuigh;"2024-09-12 03:32:14";"MostBet [PL] 100$ SWEET BONANZA pwa";app[PwaGroup];PL;Karnice;Android;"Сотовая связь";"Мобильный телефон";1;SophiaVladimirova_crMOSTBETP_28_08_2024(9)_t4_ybfcore;tkqfvppuigh
2q4f0dmpuhgr;"2024-09-12 02:00:52";"MostBet [PL] 100$ SWEET BONANZA pwa";app[PwaGroup];PL;Jarocin;Android;"Сотовая связь";"Мобильный телефон";1;SophiaVladimirova_crMOSTBETS_13_11_2023(6)_t4_ybfcore;2q4f0dmpuhgr
s19j2qpuhbr;"2024-09-12 01:44:51";"MostBet [PL] 100$ SWEET BONANZA pwa";app[PwaGroup];PL;Warsaw;Android;"Сотовая связь";"Мобильный телефон";1;SophiaVladimirova_crMOSTBETS_13_11_2023(6)_t4_ybfcore;s19j2qpuhbr
2nhr193pugn5;"2024-09-12 00:46:48";"MostBet [PL] 100$ SWEET BONANZA pwa";app[PwaGroup];PL;Warsaw;Android;"Сотовая связь";"Мобильный телефон";1;SophiaVladimirova_crMOSTBETP_28_08_2024(9)_t4_ybfcore;2nhr193pugn5
2pi3ig8pugn1;"2024-09-12 00:46:23";"MostBet [PL] 100$ SWEET BONANZA pwa";app[PwaGroup];PL;Warsaw;Android;"Сотовая связь";"Мобильный телефон";1;SophiaVladimirova_crMOSTBETP_28_08_2024(9)_t4_ybfcore;2pi3ig8pugn1
31e6evgpughl;"2024-09-12 00:29:35";"MostBet [PL] 100$ SWEET BONANZA pwa";app[PwaGroup];PL;Olsztyn;Android;"Сотовая связь";"Мобильный телефон";1;SophiaPotapova_crSWEETBONANZA_12_09_2024(17)_t3_oanscene;31e6evgpughl
1m699tjpugff;"2024-09-12 00:24:26";"MostBet [PL] 100$ SWEET BONANZA pwa";app[PwaGroup];PL;Lubin;Android;"Сотовая связь";"Мобильный телефон";1;SophiaPotapova_crSWEETBONANZA_12_09_2024(15)_t1_oanscene;1m699tjpugff
2elp18qpugbi;"2024-09-12 00:14:57";"MostBet [PL] 100$ SWEET BONANZA pwa";app[PwaGroup];PL;Warsaw;Android;"Сотовая связь";"Мобильный телефон";1;SophiaVladimirova_crMOSTBETS_13_11_2023(6)_t4_ybfcore;2elp18qpugbi
2kdprappug79;"2024-09-12 00:04:50";"MostBet [PL] 100$ SWEET BONANZA pwa";app[PwaGroup];PL;"Ostrow Wielkopolski";Android;"Сотовая связь";"Мобильный телефон";1;SophiaVladimirova_crMOSTBETPL_05_08_2024(2)_t2_ybfcore;2kdprappug79
2t9g9flpug18;"2024-09-11 23:50:04";"MostBet [PL] 100$ SWEET BONANZA pwa";app[PwaGroup];PL;Jaslo;Android;"Сотовая связь";"Мобильный телефон";1;SophiaPotapova_crSWEETBONANZA_12_09_2024(17)_t3_oanscene;2t9g9flpug18
16117q6pufkn;"2024-09-11 23:24:10";"MostBet [PL] 100$ SWEET BONANZA pwa";app[PwaGroup];PL;"Sepolno Krajenskie";Android;"Сотовая связь";"Мобильный телефон";1;SophiaVladimirova_crMOSTBETPL_05_08_2024(2)_t2_ybfcore;16117q6pufkn
1pon1iupufap;"2024-09-11 23:07:49";"MostBet [PL] 100$ SWEET BONANZA pwa";app[PwaGroup];PL;Darlowo;Android;"Сотовая связь";"Мобильный телефон";1;SophiaVladimirova_crMOSTBETP_28_08_2024(9)_t4_ybfcore;1pon1iupufap
1ge1e2apudsk;"2024-09-11 21:36:00";"MostBet [PL] 100$ SWEET BONANZA pwa";app[PwaGroup];PL;Wladyslawowo;Android;"Сотовая связь";"Мобильный телефон";1;SophiaVladimirova_crMOSTBETS_13_11_2023(6)_t4_ybfcore;1ge1e2apudsk
12mfh0lpud9p;"2024-09-11 21:06:46";"MostBet [PL] 100$ SWEET BONANZA pwa";app[PwaGroup];PL;Rybnik;Android;"Сотовая связь";"Мобильный телефон";1;SophiaVladimirova_crMOSTBETP_28_08_2024(9)_t4_ybfcore;12mfh0lpud9p
4oarnfpubdd;"2024-09-11 19:45:05";"MostBet [PL] 100$ SWEET BONANZA pwa";app[PwaGroup];PL;Lubin;Android;"Сотовая связь";"Мобильный телефон";1;SophiaPotapova_crMOSTBETS_13_11_2023(6)_t4_ybfcore_1;4oarnfpubdd
20fjqgvpu8r2;"2024-09-11 18:15:08";"MostBet [PL] 100$ SWEET BONANZA pwa";app[PwaGroup];PL;Warsaw;Android;"Сотовая связь";"Мобильный телефон";1;SophiaPotapova_crMOSTBETPL_05_08_2024(2)_t5_ybfcore_1;20fjqgvpu8r2
3qlnedspu8dh;"2024-09-11 17:58:05";"MostBet [PL] 100$ SWEET BONANZA pwa";app[PwaGroup];PL;Siedlce;Android;"Сотовая связь";"Мобильный телефон";1;SophiaPotapova_crMOSTBETS_13_11_2023(6)_t4_ybfcore_1;3qlnedspu8dh
3mg4544pu4ul;"2024-09-11 15:38:26";"MostBet [PL] 100$ SWEET BONANZA pwa";app[PwaGroup];PL;Oswiecim;Android;"Сотовая связь";"Мобильный телефон";1;SophiaVladimirova_crMOSTBETPL_05_08_2024(2)_t5_ybfcore;3mg4544pu4ul
mjea2upu4f0;"2024-09-11 15:15:20";"MostBet [PL] 100$ SWEET BONANZA pwa";app[PwaGroup];PL;Rzeszow;Android;"Сотовая связь";"Мобильный телефон";1;SophiaVladimirova_crMOSTBETS_13_11_2023(6)_t1_ybfcore;mjea2upu4f0
c843s0pu3ue;"2024-09-11 14:51:54";"MostBet [PL] 100$ SWEET BONANZA pwa";app[PwaGroup];PL;Lodz;Android;"Сотовая связь";"Мобильный телефон";1;SophiaPotapova_crMOSTBETS_13_11_2023(6)_t1_ybfcore_3;c843s0pu3ue
2qn45h1pu3p1;"2024-09-11 14:42:37";"MostBet [PL] 100$ SWEET BONANZA pwa";app[PwaGroup];PL;Warsaw;Android;"Сотовая связь";"Мобильный телефон";1;SophiaPotapova_crMOSTBETS_13_11_2023(6)_t1_ybfcore_2;2qn45h1pu3p1
3480jvgpu3k9;"2024-09-11 14:32:39";"MostBet [PL] 100$ SWEET BONANZA pwa";app[PwaGroup];PL;Rewal;Android;"Сотовая связь";"Мобильный телефон";1;SophiaPotapova_crMOSTBETS_13_11_2023(8)_t3_ybfcore_2;3480jvgpu3k9
3bo9s1epu2fp;"2024-09-11 13:37:19";"MostBet [PL] 100$ SWEET BONANZA pwa";app[PwaGroup];PL;Warsaw;Android;"Сотовая связь";"Мобильный телефон";1;SophiaVladimirova_crMOSTBETS_13_11_2023(6)_t4_ybfcore;3bo9s1epu2fp
mh9m2pptvb4;"2024-09-11 10:47:25";"MostBet [PL] 100$ SWEET BONANZA pwa";app[PwaGroup];PL;Szczecin;Android;"Сотовая связь";"Мобильный телефон";1;SophiaPotapova_crMOSTBETS_13_11_2023(8)_t3_ybfcore_2;mh9m2pptvb4
3e3sa9vptu6p;"2024-09-11 09:51:02";"MostBet [PL] 100$ SWEET BONANZA pwa";app[PwaGroup];PL;Oswiecim;Android;"Сотовая связь";"Мобильный телефон";1;SophiaVladimirova_crMOSTBETS_13_11_2023(6)_t4_ybfcore;3e3sa9vptu6p
2qn45h1ptti3;"2024-09-11 09:14:29";"MostBet [PL] 100$ SWEET BONANZA pwa";app[PwaGroup];PL;Warsaw;Android;"Сотовая связь";"Мобильный телефон";1;SophiaPotapova_crMOSTBETP_28_08_2024(9)_t4_ybfcore_1;2qn45h1ptti3
3n95m5rptrcn;"2024-09-11 07:27:08";"MostBet [PL] 100$ SWEET BONANZA pwa";app[PwaGroup];PL;Warsaw;Android;"Сотовая связь";"Мобильный телефон";1;SophiaVladimirova_crMOSTBETS_13_11_2023(6)_t4_ybfcore;3n95m5rptrcn
1g0t7fkptpk2;"2024-09-11 05:37:00";"MostBet [PL] 100$ SWEET BONANZA pwa";app[PwaGroup];PL;"Rawa Mazowiecka";Android;"Сотовая связь";"Мобильный телефон";1;SophiaVladimirova_crMOSTBETP_28_08_2024(9)_t4_ybfcore;1g0t7fkptpk2
2k9898bptooh;"2024-09-11 04:37:41";"MostBet [PL] 100$ SWEET BONANZA pwa";app[PwaGroup];PL;Warsaw;Android;"Сотовая связь";"Мобильный телефон";1;SophiaVladimirova_crMOSTBETP_28_08_2024(9)_t4_ybfcore;2k9898bptooh
380ti8hptok9;"2024-09-11 04:26:43";"MostBet [PL] 100$ SWEET BONANZA pwa";app[PwaGroup];PL;Darlowo;Android;"Сотовая связь";"Мобильный телефон";1;SophiaVladimirova_crMOSTBETS_13_11_2023(6)_t4_ybfcore;380ti8hptok9
2qn45h1pto8o;"2024-09-11 03:59:35";"MostBet [PL] 100$ SWEET BONANZA pwa";app[PwaGroup];PL;Warsaw;Android;"Сотовая связь";"Мобильный телефон";1;SophiaVladimirova_crMOSTBETP_28_08_2024(9)_t4_ybfcore;2qn45h1pto8o
tkqfvpptnam;"2024-09-11 02:33:57";"MostBet [PL] 100$ SWEET BONANZA pwa";app[PwaGroup];PL;Karnice;Android;"Сотовая связь";"Мобильный телефон";1;SophiaVladimirova_crMOSTBETP_28_08_2024(9)_t4_ybfcore;tkqfvpptnam
bdbnroptmbe;"2024-09-11 01:13:28";"MostBet [PL] 100$ SWEET BONANZA pwa";app[PwaGroup];PL;Warsaw;Android;"Сотовая связь";"Мобильный телефон";1;SophiaVladimirova_crMOSTBETS_13_11_2023(6)_t4_ybfcore;bdbnroptmbe
1vanbbiptm8f;"2024-09-11 01:04:42";"MostBet [PL] 100$ SWEET BONANZA pwa";app[PwaGroup];PL;Kolobrzeg;Android;"Сотовая связь";"Мобильный телефон";1;SophiaVladimirova_crMOSTBETS_13_11_2023(6)_t4_ybfcore;1vanbbiptm8f
830uc1ptl4k;"2024-09-10 23:31:20";"MostBet [PL] 100$ SWEET BONANZA pwa";app[PwaGroup];PL;Warsaw;Android;"Сотовая связь";"Мобильный телефон";1;SophiaVladimirova_crMOSTBETPL_05_08_2024(2)_t2_ybfcore;830uc1ptl4k
1epttrlpt966;"2024-09-10 15:10:42";"MostBet [PL] 100$ SWEET BONANZA pwa";app[PwaGroup];PL;"Makow Mazowiecki";Android;"Сотовая связь";"Мобильный телефон";1;SophiaVladimirova_crMOSTBETS_13_11_2023(6)_t4_ybfcore;1epttrlpt966
mjea2upt5r7;"2024-09-10 12:09:18";"MostBet [PL] 100$ SWEET BONANZA pwa";app[PwaGroup];PL;Rzeszow;Android;"Сотовая связь";"Мобильный телефон";1;SophiaVladimirova_crMOSTBETS_13_11_2023(6)_t1_ybfcore;mjea2upt5r7
25q7okhpt0m3;"2024-09-10 07:59:28";"MostBet [PL] 100$ SWEET BONANZA pwa";app[PwaGroup];PL;Warsaw;Android;"Сотовая связь";"Мобильный телефон";1;SophiaVladimirova_crMOSTBETS_13_11_2023(6)_t4_ybfcore;25q7okhpt0m3
2if6tdopsvdh;"2024-09-10 06:48:40";"MostBet [PL] 100$ SWEET BONANZA pwa";app[PwaGroup];PL;Warsaw;Android;"Сотовая связь";"Мобильный телефон";1;SophiaVladimirova_crMOSTBETPL_05_08_2024(2)_t2_ybfcore;2if6tdopsvdh
bom73pst6d;"2024-09-10 03:51:39";"MostBet [PL] 100$ SWEET BONANZA pwa";app[PwaGroup];PL;Pogorzyce;Android;"Сотовая связь";"Мобильный телефон";1;SophiaVladimirova_crMOSTBETP_28_08_2024(9)_t4_ybfcore;bom73pst6d
3835552pssjk;"2024-09-10 02:55:34";"MostBet [PL] 100$ SWEET BONANZA pwa";app[PwaGroup];PL;Wroclaw;Android;"Сотовая связь";"Мобильный телефон";1;SophiaVladimirova_crMOSTBETP_28_08_2024(5)_t6_ybfcore;3835552pssjk
2nhr193psrjn;"2024-09-10 01:17:34";"MostBet [PL] 100$ SWEET BONANZA pwa";app[PwaGroup];PL;Warsaw;Android;"Сотовая связь";"Мобильный телефон";1;SophiaVladimirova_crMOSTBETP_28_08_2024(9)_t4_ybfcore;2nhr193psrjn
1e5lvegpsrjh;"2024-09-10 01:17:09";"MostBet [PL] 100$ SWEET BONANZA pwa";app[PwaGroup];PL;Warsaw;Android;"Сотовая связь";"Мобильный телефон";1;SophiaVladimirova_crMOSTBETP_28_08_2024(9)_t4_ybfcore;1e5lvegpsrjh
3aqson2psr6h;"2024-09-10 00:47:23";"MostBet [PL] 100$ SWEET BONANZA pwa";app[PwaGroup];PL;Radom;Android;"Сотовая связь";"Мобильный телефон";1;SophiaVladimirova_crMOSTBETP_28_08_2024(9)_t4_ybfcore;3aqson2psr6h
18n9aeqpsr0c;"2024-09-10 00:32:49";"MostBet [PL] 100$ SWEET BONANZA pwa";app[PwaGroup];PL;Gdansk;Android;"Сотовая связь";"Мобильный телефон";1;SophiaVladimirova_crMOSTBETP_28_08_2024(9)_t4_ybfcore;18n9aeqpsr0c
22t0hclpsqts;"2024-09-10 00:26:24";"MostBet [PL] 100$ SWEET BONANZA pwa";app[PwaGroup];PL;Wroclaw;Android;"Сотовая связь";"Мобильный телефон";1;SophiaVladimirova_crMOSTBETP_28_08_2024(5)_t6_ybfcore;22t0hclpsqts
m9uqbppsqo5;"2024-09-10 00:09:22";"MostBet [PL] 100$ SWEET BONANZA pwa";app[PwaGroup];PL;Kolobrzeg;Android;"Сотовая связь";"Мобильный телефон";1;SophiaVladimirova_crMOSTBETP_28_08_2024(9)_t4_ybfcore;m9uqbppsqo5
2a2efcspsqnr;"2024-09-10 00:08:43";"MostBet [PL] 100$ SWEET BONANZA pwa";app[PwaGroup];PL;Kolobrzeg;Android;"Сотовая связь";"Мобильный телефон";1;SophiaVladimirova_crMOSTBETP_28_08_2024(9)_t4_ybfcore;2a2efcspsqnr
ppnl25psqn9;"2024-09-10 00:07:46";"MostBet [PL] 100$ SWEET BONANZA pwa";app[PwaGroup];PL;Lublin;Android;"Сотовая связь";"Мобильный телефон";1;{{ad.name}};ppnl25psqn9
ks327rpsqjq;"2024-09-09 23:58:48";"MostBet [PL] 100$ SWEET BONANZA pwa";app[PwaGroup];PL;Warsaw;Android;"Сотовая связь";"Мобильный телефон";1;SophiaVladimirova_crMOSTBETPL_05_08_2024(2)_t2_ybfcore;ks327rpsqjq
830uc1psq55;"2024-09-09 23:28:57";"MostBet [PL] 100$ SWEET BONANZA pwa";app[PwaGroup];PL;Warsaw;Android;"Сотовая связь";"Мобильный телефон";1;SophiaVladimirova_crMOSTBETPL_05_08_2024(2)_t2_ybfcore;830uc1psq55
3vtm06ipspqo;"2024-09-09 23:10:15";"MostBet [PL] 100$ SWEET BONANZA pwa";app[PwaGroup];PL;Czestochowa;Android;"Сотовая связь";"Мобильный телефон";1;SophiaVladimirova_crMOSTBETS_13_11_2023(6)_t4_ybfcore;3vtm06ipspqo
1s1boh5pspa4;"2024-09-09 22:41:44";"MostBet [PL] 100$ SWEET BONANZA pwa";app[PwaGroup];PL;Krakow;Android;"Сотовая связь";"Мобильный телефон";1;SophiaVladimirova_crMOSTBETPL_05_08_2024(2)_t2_ybfcore;1s1boh5pspa4
fmag2ipsidr;"2024-09-09 17:51:40";"MostBet [PL] 100$ SWEET BONANZA pwa";app[PwaGroup];PL;Warsaw;Android;"Сотовая связь";"Мобильный телефон";1;SophiaVladimirova_crMOSTBETP_28_08_2024(9)_t4_ybfcore;fmag2ipsidr
3d48apkpshbl;"2024-09-09 17:15:16";"MostBet [PL] 100$ SWEET BONANZA pwa";app[PwaGroup];PL;Warsaw;Android;"Сотовая связь";"Мобильный телефон";1;SophiaVladimirova_crMOSTBETS_13_11_2023(6)_t1_ybfcore;3d48apkpshbl
3217rpbpscvk;"2024-09-09 14:21:14";"MostBet [PL] 100$ SWEET BONANZA pwa";app[PwaGroup];PL;Ryki;Android;"Сотовая связь";"Мобильный телефон";1;SophiaVladimirova_crMOSTBETS_13_11_2023(6)_t4_ybfcore;3217rpbpscvk
2bp8q74psc0q;"2024-09-09 13:39:43";"MostBet [PL] 100$ SWEET BONANZA pwa";app[PwaGroup];PL;Pionki;Android;"Сотовая связь";"Мобильный телефон";1;SophiaVladimirova_crMOSTBETS_13_11_2023(6)_t1_ybfcore;2bp8q74psc0q
1epttrlps9t9;"2024-09-09 11:55:46";"MostBet [PL] 100$ SWEET BONANZA pwa";app[PwaGroup];PL;"Makow Mazowiecki";Android;"Сотовая связь";"Мобильный телефон";1;SophiaVladimirova_crMOSTBETS_13_11_2023(6)_t4_ybfcore;1epttrlps9t9
1r6obrps9ga;"2024-09-09 11:38:19";"MostBet [PL] 100$ SWEET BONANZA pwa";app[PwaGroup];PL;Warsaw;Android;"Сотовая связь";"Мобильный телефон";1;SophiaVladimirova_crMOSTBETP_28_08_2024(9)_t4_ybfcore;1r6obrps9ga
37u6cf8ps82g;"2024-09-09 10:38:00";"MostBet [PL] 100$ SWEET BONANZA pwa";app[PwaGroup];PL;Kotun;Android;"Сотовая связь";"Мобильный телефон";1;SophiaVladimirova_crMOSTBETS_13_11_2023(6)_t4_ybfcore;37u6cf8ps82g
jmjf79ps7j1;"2024-09-09 10:13:42";"MostBet [PL] 100$ SWEET BONANZA pwa";app[PwaGroup];PL;"Zdunska Wola";Android;"Сотовая связь";"Мобильный телефон";1;SophiaVladimirova_crMOSTBETP_28_08_2024(5)_t6_ybfcore;jmjf79ps7j1
1b1p9r5ps5jp;"2024-09-09 08:40:55";"MostBet [PL] 100$ SWEET BONANZA pwa";app[PwaGroup];PL;Ropczyce;Android;"Сотовая связь";"Мобильный телефон";1;SophiaVladimirova_crMOSTBETS_13_11_2023(6)_t4_ybfcore;1b1p9r5ps5jp
3emor34ps51r;"2024-09-09 08:09:21";"MostBet [PL] 100$ SWEET BONANZA pwa";app[PwaGroup];PL;Lodz;Android;"Сотовая связь";"Мобильный телефон";1;SophiaVladimirova_crMOSTBETP_28_08_2024(8)_video_t1_ybfcore;3emor34ps51r
111hg2kps4h1;"2024-09-09 07:37:13";"MostBet [PL] 100$ SWEET BONANZA pwa";app[PwaGroup];PL;Katowice;Android;"Сотовая связь";"Мобильный телефон";1;SophiaVladimirova_crMOSTBETS_13_11_2023(6)_t4_ybfcore;111hg2kps4h1
5g8jthps4am;"2024-09-09 07:23:46";"MostBet [PL] 100$ SWEET BONANZA pwa";app[PwaGroup];PL;"Naklo nad Notecia";Android;"Сотовая связь";"Мобильный телефон";1;SophiaVladimirova_crMOSTBETP_28_08_2024(9)_t4_ybfcore;5g8jthps4am
2n7aknprv6m;"2024-09-09 00:40:15";"MostBet [PL] 100$ SWEET BONANZA pwa";app[PwaGroup];PL;Katowice;Android;"Сотовая связь";"Мобильный телефон";1;SophiaVladimirova_crMOSTBETP_28_08_2024(9)_t4_ybfcore;2n7aknprv6m
2qn45h1prv5o;"2024-09-09 00:37:17";"MostBet [PL] 100$ SWEET BONANZA pwa";app[PwaGroup];PL;Warsaw;Android;"Сотовая связь";"Мобильный телефон";1;SophiaVladimirova_crMOSTBETP_28_08_2024(9)_t4_ybfcore;2qn45h1prv5o
243ous8pruok;"2024-09-09 00:05:22";"MostBet [PL] 100$ SWEET BONANZA pwa";app[PwaGroup];PL;"Sieniawa Zarska";Android;"Сотовая связь";"Мобильный телефон";1;SophiaVladimirova_crMOSTBETS_13_11_2023(6)_t4_ybfcore;243ous8pruok
2nhr193pru9q;"2024-09-08 23:36:04";"MostBet [PL] 100$ SWEET BONANZA pwa";app[PwaGroup];PL;Warsaw;Android;"Сотовая связь";"Мобильный телефон";1;SophiaVladimirova_crMOSTBETS_13_11_2023(6)_t4_ybfcore;2nhr193pru9q
s26hp3pru8c;"2024-09-08 23:33:14";"MostBet [PL] 100$ SWEET BONANZA pwa";app[PwaGroup];PL;Rewal;Android;"Сотовая связь";"Мобильный телефон";1;SophiaVladimirova_crMOSTBETP_28_08_2024(5)_t6_ybfcore;s26hp3pru8c
1kt93mbpru1u;"2024-09-08 23:20:05";"MostBet [PL] 100$ SWEET BONANZA pwa";app[PwaGroup];PL;Opoczno;Android;"Сотовая связь";"Мобильный телефон";1;SophiaVladimirova_crMOSTBETP_28_08_2024(9)_t4_ybfcore;1kt93mbpru1u
19tha38pre3u;"2024-09-08 11:44:51";"MostBet [PL] 100$ SWEET BONANZA pwa";app[PwaGroup];PL;Czersk;Android;"Сотовая связь";"Мобильный телефон";1;SophiaVladimirova_crMOSTBETP_28_08_2024(9)_t4_ybfcore;19tha38pre3u
25v2j2rprdf4;"2024-09-08 11:17:15";"MostBet [PL] 100$ SWEET BONANZA pwa";app[PwaGroup];PL;Warsaw;Android;"Сотовая связь";"Мобильный телефон";1;SophiaVladimirova_crMOSTBETS_13_11_2023(6)_t4_ybfcore;25v2j2rprdf4
u93hhrprcg5;"2024-09-08 10:35:17";"MostBet [PL] 100$ SWEET BONANZA pwa";app[PwaGroup];PL;Koronowo;Android;"Сотовая связь";"Мобильный телефон";1;SophiaVladimirova_crMOSTBETS_13_11_2023(6)_t4_ybfcore;u93hhrprcg5
ljfhlsprcct;"2024-09-08 10:31:27";"MostBet [PL] 100$ SWEET BONANZA pwa";app[PwaGroup];PL;Warsaw;Android;"Сотовая связь";"Мобильный телефон";1;SophiaVladimirova_crMOSTBETS_13_11_2023(6)_t4_ybfcore;ljfhlsprcct
2nhr193prcbm;"2024-09-08 10:29:41";"MostBet [PL] 100$ SWEET BONANZA pwa";app[PwaGroup];PL;Warsaw;Android;"Сотовая связь";"Мобильный телефон";1;SophiaVladimirova_crMOSTBETS_13_11_2023(6)_t4_ybfcore;2nhr193prcbm
3a6chcoprblj;"2024-09-08 10:02:50";"MostBet [PL] 100$ SWEET BONANZA pwa";app[PwaGroup];PL;Gdynia;Android;"Сотовая связь";"Мобильный телефон";1;SophiaVladimirova_crMOSTBETP_28_08_2024(4)_t6_ybfcore;3a6chcoprblj
2a3cs8eprb5m;"2024-09-08 09:43:54";"MostBet [PL] 100$ SWEET BONANZA pwa";app[PwaGroup];PL;Lodz;Android;"Сотовая связь";"Мобильный телефон";1;SophiaVladimirova_crMOSTBETS_13_11_2023(6)_t4_ybfcore;2a3cs8eprb5m
1vk27mhprale;"2024-09-08 09:22:30";"MostBet [PL] 100$ SWEET BONANZA pwa";app[PwaGroup];PL;Rzeszow;Android;"Сотовая связь";"Мобильный телефон";1;SophiaVladimirova_crMOSTBETS_13_11_2023(6)_t1_ybfcore;1vk27mhprale
2698jenpr87f;"2024-09-08 07:39:24";"MostBet [PL] 100$ SWEET BONANZA pwa";app[PwaGroup];PL;Kowary;Android;"Сотовая связь";"Мобильный телефон";1;SophiaVladimirova_crMOSTBETP_28_08_2024(9)_t4_ybfcore;2698jenpr87f
1te7e7tpr83j;"2024-09-08 07:34:47";"MostBet [PL] 100$ SWEET BONANZA pwa";app[PwaGroup];PL;Warsaw;Android;"Сотовая связь";"Мобильный телефон";1;SophiaVladimirova_crMOSTBETP_28_08_2024(10)_t2_ybfcore;1te7e7tpr83j
311mdm1pr6su;"2024-09-08 06:34:14";"MostBet [PL] 100$ SWEET BONANZA pwa";app[PwaGroup];PL;Gubin;Android;"Сотовая связь";"Мобильный телефон";1;SophiaVladimirova_crMOSTBETP_28_08_2024(9)_t4_ybfcore;311mdm1pr6su
jh6okhpr68n;"2024-09-08 05:57:28";"MostBet [PL] 100$ SWEET BONANZA pwa";app[PwaGroup];PL;Miedzyrzecz;Android;"Сотовая связь";"Мобильный телефон";1;SophiaVladimirova_crMOSTBETS_13_11_2023(6)_t4_ybfcore;jh6okhpr68n
3625imepr5ic;"2024-09-08 05:14:28";"MostBet [PL] 100$ SWEET BONANZA pwa";app[PwaGroup];PL;Warsaw;Android;"Сотовая связь";"Мобильный телефон";1;SophiaVladimirova_crMOSTBETS_13_11_2023(6)_t4_ybfcore;3625imepr5ic
ddjo2npr5ce;"2024-09-08 05:01:43";"MostBet [PL] 100$ SWEET BONANZA pwa";app[PwaGroup];PL;Olsztyn;Android;"Сотовая связь";"Мобильный телефон";1;SophiaVladimirova_crMOSTBETS_13_11_2023(6)_t4_ybfcore;ddjo2npr5ce
1a1t1inpr5bq;"2024-09-08 05:00:12";"MostBet [PL] 100$ SWEET BONANZA pwa";app[PwaGroup];PL;Lodz;Android;"Сотовая связь";"Мобильный телефон";1;SophiaVladimirova_crMOSTBETP_28_08_2024(10)_t2_ybfcore;1a1t1inpr5bq
2nhr193pr588;"2024-09-08 04:50:30";"MostBet [PL] 100$ SWEET BONANZA pwa";app[PwaGroup];PL;Warsaw;Android;"Сотовая связь";"Мобильный телефон";1;SophiaVladimirova_crMOSTBETS_13_11_2023(6)_t4_ybfcore;2nhr193pr588
20oop67pr46m;"2024-09-08 04:02:16";"MostBet [PL] 100$ SWEET BONANZA pwa";app[PwaGroup];PL;Krakow;Android;"Сотовая связь";"Мобильный телефон";1;SophiaVladimirova_crMOSTBETS_13_11_2023(6)_t4_ybfcore;20oop67pr46m
25sff4ipr3r6;"2024-09-08 03:37:52";"MostBet [PL] 100$ SWEET BONANZA pwa";app[PwaGroup];PL;Jedlicze;Android;"Сотовая связь";"Мобильный телефон";1;SophiaVladimirova_crMOSTBETP_28_08_2024(9)_t4_ybfcore;25sff4ipr3r6
2qn45h1pr30d;"2024-09-08 02:35:56";"MostBet [PL] 100$ SWEET BONANZA pwa";app[PwaGroup];PL;Warsaw;Android;"Сотовая связь";"Мобильный телефон";1;SophiaVladimirova_crMOSTBETP_28_08_2024(8)_video_t1_ybfcore;2qn45h1pr30d
1o47k6ipr22u;"2024-09-08 01:30:25";"MostBet [PL] 100$ SWEET BONANZA pwa";app[PwaGroup];PL;"Radzyn Podlaski";Android;"Сотовая связь";"Мобильный телефон";1;SophiaVladimirova_crMOSTBETP_28_08_2024(9)_t4_ybfcore;1o47k6ipr22u
33ffi3pr1mc;"2024-09-08 01:04:18";"MostBet [PL] 100$ SWEET BONANZA pwa";app[PwaGroup];PL;Poznan;Android;"Сотовая связь";"Мобильный телефон";1;SophiaVladimirova_crMOSTBETPL_05_08_2024(2)_t2_ybfcore;33ffi3pr1mc
2qn45h1pr1je;"2024-09-08 00:59:46";"MostBet [PL] 100$ SWEET BONANZA pwa";app[PwaGroup];PL;Warsaw;Android;"Сотовая связь";"Мобильный телефон";1;SophiaVladimirova_crMOSTBETS_13_11_2023(6)_t4_ybfcore;2qn45h1pr1je
11g51qfpqvqs;"2024-09-07 23:22:33";"MostBet [PL] 100$ SWEET BONANZA pwa";app[PwaGroup];PL;Warsaw;Android;"Сотовая связь";"Мобильный телефон";1;SophiaVladimirova_crMOSTBETP_28_08_2024(10)_t2_ybfcore;11g51qfpqvqs
1nq0acvpqv4m;"2024-09-07 22:47:32";"MostBet [PL] 100$ SWEET BONANZA pwa";app[PwaGroup];PL;Warsaw;Android;"Сотовая связь";"Мобильный телефон";1;SophiaVladimirova_crMOSTBETP_28_08_2024(9)_t4_ybfcore;1nq0acvpqv4m
28f4tbppquj5;"2024-09-07 22:24:29";"MostBet [PL] 100$ SWEET BONANZA pwa";app[PwaGroup];PL;Zbaszyn;Android;"Сотовая связь";"Мобильный телефон";1;SophiaVladimirova_crMOSTBETS_13_11_2023(6)_t4_ybfcore;28f4tbppquj5
tu2gr8pqqgr;"2024-09-07 19:27:55";"MostBet [PL] 100$ SWEET BONANZA pwa";app[PwaGroup];UA;Kiev;"OS X";Неизвестно;Десктоп;1;;tu2gr8pqqgr
8vngrnpqc9g;"2024-09-07 11:34:43";"MostBet [PL] 100$ SWEET BONANZA pwa";app[PwaGroup];PL;Warsaw;Android;"Сотовая связь";"Мобильный телефон";1;SophiaVladimirova_crMOSTBETS_13_11_2023(6)_t1_ybfcore;8vngrnpqc9g
3gp40fmpq9so;"2024-09-07 10:05:21";"MostBet [PL] 100$ SWEET BONANZA pwa";app[PwaGroup];PL;Darlowo;Android;"Сотовая связь";"Мобильный телефон";1;SophiaVladimirova_crMOSTBETS_13_11_2023(6)_t4_ybfcore;3gp40fmpq9so
2m0s79gpq5gl;"2024-09-07 07:19:54";"MostBet [PL] 100$ SWEET BONANZA pwa";app[PwaGroup];PL;Drezdenko;Android;"Сотовая связь";"Мобильный телефон";1;SophiaVladimirova_crMOSTBETS_13_11_2023(6)_t4_ybfcore;2m0s79gpq5gl
2qn45h1pq0ta;"2024-09-07 03:17:40";"MostBet [PL] 100$ SWEET BONANZA pwa";app[PwaGroup];PL;Warsaw;Android;"Сотовая связь";"Мобильный телефон";1;SophiaVladimirova_crMOSTBETP_28_08_2024(10)_t2_ybfcore;2qn45h1pq0ta
3usbf8qpq0jr;"2024-09-07 02:54:45";"MostBet [PL] 100$ SWEET BONANZA pwa";app[PwaGroup];PL;Zawiercie;Android;"Сотовая связь";"Мобильный телефон";1;SophiaVladimirova_crMOSTBETS_13_11_2023(6)_t4_ybfcore;3usbf8qpq0jr
1k3ed48pq0ar;"2024-09-07 02:37:06";"MostBet [PL] 100$ SWEET BONANZA pwa";app[PwaGroup];PL;Koszalin;Android;"Сотовая связь";"Мобильный телефон";1;SophiaVladimirova_crMOSTBETS_13_11_2023(6)_t4_ybfcore;1k3ed48pq0ar
1d4rlvippu3b;"2024-09-07 00:11:36";"MostBet [PL] 100$ SWEET BONANZA pwa";app[PwaGroup];PL;Szczecin;Android;"Сотовая связь";"Мобильный телефон";1;SophiaVladimirova_crMOSTBETP_28_08_2024(10)_t2_ybfcore;1d4rlvippu3b
m17aggppu29;"2024-09-07 00:09:27";"MostBet [PL] 100$ SWEET BONANZA pwa";app[PwaGroup];PL;Szczecin;Android;"Сотовая связь";"Мобильный телефон";1;SophiaVladimirova_crMOSTBETP_28_08_2024(10)_t2_ybfcore;m17aggppu29
25mrr4hppttd;"2024-09-06 23:57:39";"MostBet [PL] 100$ SWEET BONANZA pwa";app[PwaGroup];PL;Ilawa;Android;"Сотовая связь";"Мобильный телефон";1;SophiaVladimirova_crMOSTBETP_28_08_2024(9)_t4_ybfcore;25mrr4hppttd
2qn45h1ppt8r;"2024-09-06 23:21:38";"MostBet [PL] 100$ SWEET BONANZA pwa";app[PwaGroup];PL;Warsaw;Android;"Сотовая связь";"Мобильный телефон";1;SophiaVladimirova_crMOSTBETP_28_08_2024(9)_t4_ybfcore;2qn45h1ppt8r
3nkbru0ppt09;"2024-09-06 23:07:13";"MostBet [PL] 100$ SWEET BONANZA pwa";app[PwaGroup];PL;Warsaw;Android;"Сотовая связь";"Мобильный телефон";1;SophiaVladimirova_crMOSTBETP_28_08_2024(4)_t3_ybfcore;3nkbru0ppt09
25tktdqppsd1;"2024-09-06 22:40:19";"MostBet [PL] 100$ SWEET BONANZA pwa";app[PwaGroup];PL;Kowary;Android;"Сотовая связь";"Мобильный телефон";1;SophiaVladimirova_crMOSTBETP_28_08_2024(9)_t4_ybfcore;25tktdqppsd1
2qn45h1ppred;"2024-09-06 21:46:40";"MostBet [PL] 100$ SWEET BONANZA pwa";app[PwaGroup];PL;Warsaw;Android;"Сотовая связь";"Мобильный телефон";1;SophiaVladimirova_crMOSTBETP_28_08_2024(9)_t4_ybfcore;2qn45h1ppred
2es2sg8ppr8d;"2024-09-06 21:38:02";"MostBet [PL] 100$ SWEET BONANZA pwa";app[PwaGroup];DE;Gorma;Android;"Сотовая связь";"Мобильный телефон";1;SophiaVladimirova_crMOSTBETS_13_11_2023(6)_t1_ybfcore;2es2sg8ppr8d
1ml8jdjppon8;"2024-09-06 19:55:43";"MostBet [PL] 100$ SWEET BONANZA pwa";app[PwaGroup];PL;Kielce;Android;"Сотовая связь";"Мобильный телефон";1;;1ml8jdjppon8
dtichlppams;"2024-09-06 11:59:58";"MostBet [PL] 100$ SWEET BONANZA pwa";app[PwaGroup];PL;Lubin;Android;"Сотовая связь";"Мобильный телефон";1;SophiaVladimirova_crMOSTBETP_28_08_2024(9)_t4_ybfcore;dtichlppams
1vk27mhppadv;"2024-09-06 11:48:59";"MostBet [PL] 100$ SWEET BONANZA pwa";app[PwaGroup];PL;Rzeszow;Android;"Сотовая связь";"Мобильный телефон";1;SophiaVladimirova_crMOSTBETS_13_11_2023(6)_t1_ybfcore;1vk27mhppadv
2qn45h1pp81i;"2024-09-06 10:16:24";"MostBet [PL] 100$ SWEET BONANZA pwa";app[PwaGroup];PL;Warsaw;Android;"Сотовая связь";"Мобильный телефон";1;SophiaVladimirova_crMOSTBETP_28_08_2024(9)_t4_ybfcore;2qn45h1pp81i
4podgipp7c8;"2024-09-06 09:51:14";"MostBet [PL] 100$ SWEET BONANZA pwa";app[PwaGroup];PL;Elblag;Android;"Сотовая связь";"Мобильный телефон";1;SophiaVladimirova_crMOSTBETP_28_08_2024(9)_t4_ybfcore;4podgipp7c8
2c891iopp4st;"2024-09-06 08:09:22";"MostBet [PL] 100$ SWEET BONANZA pwa";app[PwaGroup];PL;Warsaw;Android;"Сотовая связь";"Мобильный телефон";1;SophiaVladimirova_crMOSTBETP_28_08_2024(9)_t4_ybfcore;2c891iopp4st
2qn45h1pp2po;"2024-09-06 06:27:19";"MostBet [PL] 100$ SWEET BONANZA pwa";app[PwaGroup];PL;Warsaw;Android;"Сотовая связь";"Мобильный телефон";1;SophiaVladimirova_crMOSTBETP_28_08_2024(5)_t3_ybfcore;2qn45h1pp2po
8eq0lmpp1sf;"2024-09-06 05:36:57";"MostBet [PL] 100$ SWEET BONANZA pwa";app[PwaGroup];PL;"Makow Mazowiecki";Android;"Сотовая связь";"Мобильный телефон";1;SophiaVladimirova_crMOSTBETS_13_11_2023(6)_t4_ybfcore;8eq0lmpp1sf
270up5opp1ij;"2024-09-06 05:17:38";"MostBet [PL] 100$ SWEET BONANZA pwa";app[PwaGroup];PL;Korczew;Android;"Сотовая связь";"Мобильный телефон";1;SophiaVladimirova_crMOSTBETP_28_08_2024(4)_t3_ybfcore;270up5opp1ij
udg972pp1gg;"2024-09-06 05:13:57";"MostBet [PL] 100$ SWEET BONANZA pwa";app[PwaGroup];PL;Czestochowa;Android;"Сотовая связь";"Мобильный телефон";1;SophiaVladimirova_crMOSTBETP_28_08_2024(4)_t3_ybfcore;udg972pp1gg
2h39m8gpp18d;"2024-09-06 04:57:42";"MostBet [PL] 100$ SWEET BONANZA pwa";app[PwaGroup];PL;Olza;Android;"Сотовая связь";"Мобильный телефон";1;SophiaVladimirova_crMOSTBETS_13_11_2023(6)_t4_ybfcore;2h39m8gpp18d
3eoos4apovri;"2024-09-06 03:23:58";"MostBet [PL] 100$ SWEET BONANZA pwa";app[PwaGroup];PL;Nowogrodziec;Android;"Сотовая связь";"Мобильный телефон";1;SophiaVladimirova_crMOSTBETP_28_08_2024(9)_t4_ybfcore;3eoos4apovri
12mfh0lpovbq;"2024-09-06 02:47:42";"MostBet [PL] 100$ SWEET BONANZA pwa";app[PwaGroup];PL;Rybnik;Android;"Сотовая связь";"Мобильный телефон";1;SophiaVladimirova_crMOSTBETP_28_08_2024(9)_t4_ybfcore;12mfh0lpovbq
1kg6nf0povb0;"2024-09-06 02:44:47";"MostBet [PL] 100$ SWEET BONANZA pwa";app[PwaGroup];PL;Warsaw;Android;"Сотовая связь";"Мобильный телефон";1;SophiaVladimirova_crMOSTBETP_28_08_2024(9)_t4_ybfcore;1kg6nf0povb0
19tr9epouoi;"2024-09-06 02:02:30";"MostBet [PL] 100$ SWEET BONANZA pwa";app[PwaGroup];PL;Warsaw;Android;"Сотовая связь";"Мобильный телефон";1;SophiaVladimirova_crMOSTBETP_28_08_2024(5)_t3_ybfcore;19tr9epouoi
f1qrfapou13;"2024-09-06 01:15:29";"MostBet [PL] 100$ SWEET BONANZA pwa";app[PwaGroup];PL;Wilkowice;Android;"Сотовая связь";"Мобильный телефон";1;SophiaVladimirova_crMOSTBETS_13_11_2023(6)_t4_ybfcore;f1qrfapou13
352eodhpot6j;"2024-09-06 00:21:04";"MostBet [PL] 100$ SWEET BONANZA pwa";app[PwaGroup];PL;"Sieniawa Zarska";Android;"Сотовая связь";"Мобильный телефон";1;SophiaVladimirova_crMOSTBETS_13_11_2023(6)_t4_ybfcore;352eodhpot6j
3vn7nacposaf;"2024-09-05 23:24:51";"MostBet [PL] 100$ SWEET BONANZA pwa";app[PwaGroup];PL;"Radzyn Podlaski";Android;"Сотовая связь";"Мобильный телефон";1;SophiaVladimirova_crMOSTBETS_13_11_2023(6)_t4_ybfcore;3vn7nacposaf
28gp6hgpos1a;"2024-09-05 23:09:46";"MostBet [PL] 100$ SWEET BONANZA pwa";app[PwaGroup];PL;Katowice;Android;"Сотовая связь";"Мобильный телефон";1;SophiaVladimirova_crMOSTBETS_13_11_2023(6)_t4_ybfcore;28gp6hgpos1a
pi608uport3;"2024-09-05 23:03:05";"MostBet [PL] 100$ SWEET BONANZA pwa";app[PwaGroup];PL;Kolobrzeg;Android;"Сотовая связь";"Мобильный телефон";1;SophiaVladimirova_crMOSTBETP_28_08_2024(8)_video_t1_ybfcore;pi608uport3
3ppfk32popvv;"2024-09-05 21:32:09";"MostBet [PL] 100$ SWEET BONANZA pwa";app[PwaGroup];PL;Warsaw;Android;"Сотовая связь";"Мобильный телефон";1;SophiaVladimirova_crMOSTBETPL_05_08_2024(2)_t2_ybfcore;3ppfk32popvv
2ockbjrpoo0r;"2024-09-05 20:16:00";"MostBet [PL] 100$ SWEET BONANZA pwa";app[PwaGroup];UA;Kiev;"OS X";Неизвестно;Десктоп;1;;2ockbjrpoo0r
nfr3aqpomgd;"2024-09-05 19:27:55";"MostBet [PL] 100$ SWEET BONANZA pwa";app[PwaGroup];PL;Poznan;Android;"Сотовая связь";"Мобильный телефон";1;SophiaVladimirova_crMOSTBETS_13_11_2023(8)_t6_ybfcore;nfr3aqpomgd
3d2nhdnpojei;"2024-09-05 17:58:51";"MostBet [PL] 100$ SWEET BONANZA pwa";app[PwaGroup];PL;Poznan;Android;"Сотовая связь";"Мобильный телефон";1;SophiaVladimirova_crMOSTBETS_13_11_2023(6)_t1_ybfcore;3d2nhdnpojei
3sok1mjpoh4c;"2024-09-05 16:43:26";"MostBet [PL] 100$ SWEET BONANZA pwa";app[PwaGroup];PL;Legnica;Android;"Сотовая связь";"Мобильный телефон";1;SophiaVladimirova_crMOSTBETPL_05_08_2024(2)_t2_ybfcore;3sok1mjpoh4c
3cue8ggpofub;"2024-09-05 15:55:27";"MostBet [PL] 100$ SWEET BONANZA pwa";app[PwaGroup];PL;Jasliska;Android;"Сотовая связь";"Мобильный телефон";1;SophiaVladimirova_crMOSTBETPL_05_08_2024(2)_t5_ybfcore;3cue8ggpofub
2j98sirpoeij;"2024-09-05 15:00:05";"MostBet [PL] 100$ SWEET BONANZA pwa";app[PwaGroup];PL;Bircza;Android;"Сотовая связь";"Мобильный телефон";1;SophiaVladimirova_crMOSTBETP_28_08_2024(5)_t3_ybfcore;2j98sirpoeij
oq9qlhpoe6q;"2024-09-05 14:45:04";"MostBet [PL] 100$ SWEET BONANZA pwa";app[PwaGroup];PL;Katowice;Android;"Сотовая связь";"Мобильный телефон";1;SophiaVladimirova_crMOSTBETP_28_08_2024(1)_t2_ybfcore;oq9qlhpoe6q
233jrc2podnr;"2024-09-05 14:26:13";"MostBet [PL] 100$ SWEET BONANZA pwa";app[PwaGroup];PL;Kcynia;Android;"Сотовая связь";"Мобильный телефон";1;SophiaVladimirova_crMOSTBETS_13_11_2023(6)_t4_ybfcore;233jrc2podnr
nukhfspocen;"2024-09-05 13:38:45";"MostBet [PL] 100$ SWEET BONANZA pwa";app[PwaGroup];PL;Lublin;Android;"Сотовая связь";"Мобильный телефон";1;SophiaVladimirova_crMOSTBETS_13_11_2023(6)_t4_ybfcore;nukhfspocen
2qn45h1pocd3;"2024-09-05 13:36:52";"MostBet [PL] 100$ SWEET BONANZA pwa";app[PwaGroup];PL;Warsaw;Android;"Сотовая связь";"Мобильный телефон";1;SophiaVladimirova_crMOSTBETS_13_11_2023(6)_t4_ybfcore;2qn45h1pocd3
3qbr831poahf;"2024-09-05 12:31:49";"MostBet [PL] 100$ SWEET BONANZA pwa";app[PwaGroup];PL;"Zielona Gora";Android;"Сотовая связь";"Мобильный телефон";1;SophiaVladimirova_crMOSTBETS_13_11_2023(6)_t4_ybfcore;3qbr831poahf
32m9f9cpo1kd;"2024-09-05 07:24:53";"MostBet [PL] 100$ SWEET BONANZA pwa";app[PwaGroup];PL;Pleszew;Android;"Сотовая связь";"Мобильный телефон";1;SophiaVladimirova_crMOSTBETS_13_11_2023(6)_t4_ybfcore;32m9f9cpo1kd
2qn45h1po11f;"2024-09-05 07:00:04";"MostBet [PL] 100$ SWEET BONANZA pwa";app[PwaGroup];PL;Warsaw;Android;"Сотовая связь";"Мобильный телефон";1;SophiaVladimirova_crMOSTBETPL_05_08_2024(2)_t2_ybfcore;2qn45h1po11f
2nhr193pnvpp;"2024-09-05 06:05:00";"MostBet [PL] 100$ SWEET BONANZA pwa";app[PwaGroup];PL;Warsaw;Android;"Сотовая связь";"Мобильный телефон";1;SophiaVladimirova_crMOSTBETPL_05_08_2024(2)_t2_ybfcore;2nhr193pnvpp
2qn45h1pnuf8;"2024-09-05 05:00:58";"MostBet [PL] 100$ SWEET BONANZA pwa";app[PwaGroup];PL;Warsaw;Android;"Сотовая связь";"Мобильный телефон";1;SophiaVladimirova_crMOSTBETS_13_11_2023(6)_t4_ybfcore;2qn45h1pnuf8
1k8vo5pntd7;"2024-09-05 03:57:12";"MostBet [PL] 100$ SWEET BONANZA pwa";app[PwaGroup];PL;Katowice;Android;"Сотовая связь";"Мобильный телефон";1;SophiaVladimirova_crMOSTBETS_13_11_2023(6)_t4_ybfcore;1k8vo5pntd7
30dl727pnt3o;"2024-09-05 03:37:03";"MostBet [PL] 100$ SWEET BONANZA pwa";app[PwaGroup];PL;Zakopane;Android;"Сотовая связь";"Мобильный телефон";1;SophiaVladimirova_crMOSTBETS_13_11_2023(6)_t4_ybfcore;30dl727pnt3o
uc6msepnqcc;"2024-09-05 00:47:00";"MostBet [PL] 100$ SWEET BONANZA pwa";app[PwaGroup];PL;Jarocin;Android;"Сотовая связь";"Мобильный телефон";1;SophiaVladimirova_crMOSTBETS_13_11_2023(6)_t4_ybfcore;uc6msepnqcc
336ui8qpnq8c;"2024-09-05 00:38:34";"MostBet [PL] 100$ SWEET BONANZA pwa";app[PwaGroup];PL;Poznan;Android;"Сотовая связь";"Мобильный телефон";1;SophiaVladimirova_crMOSTBETS_13_11_2023(6)_t4_ybfcore;336ui8qpnq8c
dkd63apnq7h;"2024-09-05 00:37:24";"MostBet [PL] 100$ SWEET BONANZA pwa";app[PwaGroup];PL;Poznan;Android;"Сотовая связь";"Мобильный телефон";1;SophiaVladimirova_crMOSTBETS_13_11_2023(6)_t4_ybfcore;dkd63apnq7h
1296hplpnpnf;"2024-09-05 00:05:44";"MostBet [PL] 100$ SWEET BONANZA pwa";app[PwaGroup];PL;Ilawa;Android;"Сотовая связь";"Мобильный телефон";1;SophiaVladimirova_crMOSTBETS_13_11_2023(6)_t4_ybfcore;1296hplpnpnf
2255qdrpnnkc;"2024-09-04 22:20:23";"MostBet [PL] 100$ SWEET BONANZA pwa";app[PwaGroup];PL;Radlow;Android;"Сотовая связь";"Мобильный телефон";1;SophiaVladimirova_crMOSTBETS_13_11_2023(6)_t4_ybfcore;2255qdrpnnkc
2qn45h1pnls4;"2024-09-04 21:08:25";"MostBet [PL] 100$ SWEET BONANZA pwa";app[PwaGroup];PL;Warsaw;Android;"Сотовая связь";"Мобильный телефон";1;SophiaVladimirova_crMOSTBETS_13_11_2023(6)_t4_ybfcore;2qn45h1pnls4
2nhr193pnk1v;"2024-09-04 20:06:05";"MostBet [PL] 100$ SWEET BONANZA pwa";app[PwaGroup];PL;Warsaw;Android;"Сотовая связь";"Мобильный телефон";1;SophiaVladimirova_crMOSTBETS_13_11_2023(6)_t4_ybfcore;2nhr193pnk1v
2j4241jpnjf9;"2024-09-04 19:44:43";"MostBet [PL] 100$ SWEET BONANZA pwa";app[PwaGroup];PL;Warsaw;Android;"Сотовая связь";"Мобильный телефон";1;SophiaVladimirova_crMOSTBETS_13_11_2023(6)_t1_ybfcore;2j4241jpnjf9
3hvgi0bpni47;"2024-09-04 19:01:53";"MostBet [PL] 100$ SWEET BONANZA pwa";app[PwaGroup];PL;Rzeszow;Android;"Сотовая связь";"Мобильный телефон";1;SophiaVladimirova_crMOSTBETS_13_11_2023(6)_t1_ybfcore;3hvgi0bpni47
30d560upnh5n;"2024-09-04 18:32:37";"MostBet [PL] 100$ SWEET BONANZA pwa";app[PwaGroup];UA;Ovruch;"OS X";"Сотовая связь";Десктоп;1;;30d560upnh5n
2qn45h1pna02;"2024-09-04 14:29:15";"MostBet [PL] 100$ SWEET BONANZA pwa";app[PwaGroup];PL;Warsaw;Android;"Сотовая связь";"Мобильный телефон";1;SophiaVladimirova_crMOSTBETS_13_11_2023(6)_t4_ybfcore;2qn45h1pna02
8vngrnpn9pe;"2024-09-04 14:22:15";"MostBet [PL] 100$ SWEET BONANZA pwa";app[PwaGroup];PL;Warsaw;Android;"Сотовая связь";"Мобильный телефон";1;SophiaVladimirova_crMOSTBETS_13_11_2023(6)_t1_ybfcore;8vngrnpn9pe
2h0ql8tpn8if;"2024-09-04 13:30:36";"MostBet [PL] 100$ SWEET BONANZA pwa";app[PwaGroup];PL;"Wegierska Gorka";Android;"Сотовая связь";"Мобильный телефон";1;SophiaVladimirova_crMOSTBETS_13_11_2023(6)_t1_ybfcore;2h0ql8tpn8if
ee0apppn6o5;"2024-09-04 12:22:57";"MostBet [PL] 100$ SWEET BONANZA pwa";app[PwaGroup];PL;Tarnobrzeg;Android;"Сотовая связь";"Мобильный телефон";1;SophiaVladimirova_crMOSTBETPL_05_08_2024(2)_t5_ybfcore;ee0apppn6o5
2nhr193pn4oh;"2024-09-04 10:56:08";"MostBet [PL] 100$ SWEET BONANZA pwa";app[PwaGroup];PL;Warsaw;Android;"Сотовая связь";"Мобильный телефон";1;SophiaVladimirova_crMOSTBETS_13_11_2023(8)_t6_ybfcore;2nhr193pn4oh
2qn45h1pmvkr;"2024-09-04 07:51:17";"MostBet [PL] 100$ SWEET BONANZA pwa";app[PwaGroup];PL;Warsaw;Android;"Сотовая связь";"Мобильный телефон";1;SophiaVladimirova_crMOSTBETPL_05_08_2024(2)_t2_ybfcore;2qn45h1pmvkr
1rsr0rapmtu4;"2024-09-04 06:28:34";"MostBet [PL] 100$ SWEET BONANZA pwa";app[PwaGroup];PL;Wroclaw;Android;"Сотовая связь";"Мобильный телефон";1;SophiaVladimirova_crMOSTBETS_13_11_2023(8)_t3_ybfcore;1rsr0rapmtu4
16rjvvvpmmh1;"2024-09-03 22:49:16";"MostBet [PL] 100$ SWEET BONANZA pwa";app[PwaGroup];PL;Bialosliwie;Android;"Сотовая связь";"Мобильный телефон";1;SophiaVladimirova_crMOSTBETS_13_11_2023(6)_t1_ybfcore;16rjvvvpmmh1
20f4a5kpmltg;"2024-09-03 22:21:53";"MostBet [PL] 100$ SWEET BONANZA pwa";app[PwaGroup];UA;Chornomors'k;Android;"Сотовая связь";"Мобильный телефон";1;SophiaVladimirova_crMOSTBETS_13_11_2023(8)_t3_ybfcore;20f4a5kpmltg
3lvic44pmlkb;"2024-09-03 22:10:47";"MostBet [PL] 100$ SWEET BONANZA pwa";app[PwaGroup];PL;Lwowek;Android;"Сотовая связь";"Мобильный телефон";1;SophiaVladimirova_crMOSTBETPL_05_08_2024(2)_t5_ybfcore;3lvic44pmlkb
17oe47opml1m;"2024-09-03 21:42:02";"MostBet [PL] 100$ SWEET BONANZA pwa";app[PwaGroup];PL;Kutno;Android;"Сотовая связь";"Мобильный телефон";1;SophiaVladimirova_crMOSTBETS_13_11_2023(8)_t3_ybfcore;17oe47opml1m
1cgq8g4pmk9l;"2024-09-03 21:12:57";"MostBet [PL] 100$ SWEET BONANZA pwa";app[PwaGroup];PL;Katowice;Android;"Сотовая связь";"Мобильный телефон";1;SophiaVladimirova_crMOSTBETS_13_11_2023(6)_t1_ybfcore;1cgq8g4pmk9l
25emgg7pmj3t;"2024-09-03 20:30:02";"MostBet [PL] 100$ SWEET BONANZA pwa";app[PwaGroup];PL;Mragowo;Android;"Сотовая связь";"Мобильный телефон";1;SophiaVladimirova_crMOSTBETS_13_11_2023(8)_t3_ybfcore;25emgg7pmj3t
a4vpsupmhl3;"2024-09-03 19:47:09";"MostBet [PL] 100$ SWEET BONANZA pwa";app[PwaGroup];PL;Wroclaw;Android;"Сотовая связь";"Мобильный телефон";1;SophiaVladimirova_crMOSTBETS_13_11_2023(6)_t4_ybfcore;a4vpsupmhl3
2cvq12kpmh2k;"2024-09-03 19:30:25";"MostBet [PL] 100$ SWEET BONANZA pwa";app[PwaGroup];PL;Lodz;Android;"Сотовая связь";"Мобильный телефон";1;SophiaVladimirova_crMOSTBETS_13_11_2023(6)_t4_ybfcore;2cvq12kpmh2k
1fuss8hpmcel;"2024-09-03 17:34:17";"MostBet [PL] 100$ SWEET BONANZA pwa";app[PwaGroup];UA;Kiev;"OS X";Неизвестно;Десктоп;1;;1fuss8hpmcel
8ntsiapm8m1;"2024-09-03 15:37:56";"MostBet [PL] 100$ SWEET BONANZA pwa";app[PwaGroup];PL;Warsaw;Android;"Сотовая связь";"Мобильный телефон";1;SophiaVladimirova_crMOSTBETP_28_08_2024(6)_t3_ybfcore;8ntsiapm8m1
2nhr193pm6g2;"2024-09-03 14:17:11";"MostBet [PL] 100$ SWEET BONANZA pwa";app[PwaGroup];PL;Warsaw;Android;"Сотовая связь";"Мобильный телефон";1;SophiaVladimirova_crMOSTBETP_28_08_2024(6)_t3_ybfcore;2nhr193pm6g2
